"Image","Cells","Conversion","Organoid","Cell","Sheath.length","Sheath.type","Sheath.number","Bridge.length","Cell.type","CellID","OrgID","Sheaths.percell","Tot.length"
"Image1","Cso2","Conv_1","Org_1","Cell_1",141.334,"Regular",1,NA,"OLs with bridges","Cso2.Conv_1.Org_1.Cell_1","Cso2.Conv_1.Org_1",12,1330.271
"Image1","Cso2","Conv_1","Org_1","Cell_1",49.088,"Regular",2,NA,"OLs with bridges","Cso2.Conv_1.Org_1.Cell_1","Cso2.Conv_1.Org_1",12,1330.271
"Image1","Cso2","Conv_1","Org_1","Cell_1",180.924,"Regular",3,NA,"OLs with bridges","Cso2.Conv_1.Org_1.Cell_1","Cso2.Conv_1.Org_1",12,1330.271
"Image1","Cso2","Conv_1","Org_1","Cell_1",192.107,"Regular",4,NA,"OLs with bridges","Cso2.Conv_1.Org_1.Cell_1","Cso2.Conv_1.Org_1",12,1330.271
"Image1","Cso2","Conv_1","Org_1","Cell_1",107.397,"Regular",5,NA,"OLs with bridges","Cso2.Conv_1.Org_1.Cell_1","Cso2.Conv_1.Org_1",12,1330.271
"Image1","Cso2","Conv_1","Org_1","Cell_1",1.748,"Regular",6,NA,"OLs with bridges","Cso2.Conv_1.Org_1.Cell_1","Cso2.Conv_1.Org_1",12,1330.271
"Image1","Cso2","Conv_1","Org_1","Cell_1",146.981,"Regular",7,NA,"OLs with bridges","Cso2.Conv_1.Org_1.Cell_1","Cso2.Conv_1.Org_1",12,1330.271
"Image1","Cso2","Conv_1","Org_1","Cell_1",83.446,"Regular",8,NA,"OLs with bridges","Cso2.Conv_1.Org_1.Cell_1","Cso2.Conv_1.Org_1",12,1330.271
"Image1","Cso2","Conv_1","Org_1","Cell_1",113.674,"Regular",9,NA,"OLs with bridges","Cso2.Conv_1.Org_1.Cell_1","Cso2.Conv_1.Org_1",12,1330.271
"Image1","Cso2","Conv_1","Org_1","Cell_1",125.154,"Regular",10,NA,"OLs with bridges","Cso2.Conv_1.Org_1.Cell_1","Cso2.Conv_1.Org_1",12,1330.271
"Image1","Cso2","Conv_1","Org_1","Cell_1",107.987,"Anchored",11,NA,"OLs with bridges","Cso2.Conv_1.Org_1.Cell_1","Cso2.Conv_1.Org_1",12,1330.271
"Image1","Cso2","Conv_1","Org_1","Cell_1",80.431,"Bridged",12,8.367,"OLs with bridges","Cso2.Conv_1.Org_1.Cell_1","Cso2.Conv_1.Org_1",12,1330.271
"Image1","Cso2","Conv_1","Org_1","Cell_2",237.904,"Regular",1,NA,"OLs without bridges","Cso2.Conv_1.Org_1.Cell_2","Cso2.Conv_1.Org_1",8,1134.983
"Image1","Cso2","Conv_1","Org_1","Cell_2",138.641,"Regular",2,NA,"OLs without bridges","Cso2.Conv_1.Org_1.Cell_2","Cso2.Conv_1.Org_1",8,1134.983
"Image1","Cso2","Conv_1","Org_1","Cell_2",112.231,"Regular",3,NA,"OLs without bridges","Cso2.Conv_1.Org_1.Cell_2","Cso2.Conv_1.Org_1",8,1134.983
"Image1","Cso2","Conv_1","Org_1","Cell_2",124.962,"Regular",4,NA,"OLs without bridges","Cso2.Conv_1.Org_1.Cell_2","Cso2.Conv_1.Org_1",8,1134.983
"Image1","Cso2","Conv_1","Org_1","Cell_2",187.693,"Regular",5,NA,"OLs without bridges","Cso2.Conv_1.Org_1.Cell_2","Cso2.Conv_1.Org_1",8,1134.983
"Image1","Cso2","Conv_1","Org_1","Cell_2",135.214,"Regular",6,NA,"OLs without bridges","Cso2.Conv_1.Org_1.Cell_2","Cso2.Conv_1.Org_1",8,1134.983
"Image1","Cso2","Conv_1","Org_1","Cell_2",88.039,"Regular",7,NA,"OLs without bridges","Cso2.Conv_1.Org_1.Cell_2","Cso2.Conv_1.Org_1",8,1134.983
"Image1","Cso2","Conv_1","Org_1","Cell_2",110.299,"Regular",8,NA,"OLs without bridges","Cso2.Conv_1.Org_1.Cell_2","Cso2.Conv_1.Org_1",8,1134.983
"Image14","Cso2","Conv_2","Org_2","Cell_1",51.428,"Regular",1,NA,"OLs with bridges","Cso2.Conv_2.Org_2.Cell_1","Cso2.Conv_2.Org_2",12,682.133
"Image14","Cso2","Conv_2","Org_2","Cell_1",74.304,"Regular",2,NA,"OLs with bridges","Cso2.Conv_2.Org_2.Cell_1","Cso2.Conv_2.Org_2",12,682.133
"Image14","Cso2","Conv_2","Org_2","Cell_1",154.022,"Regular",3,NA,"OLs with bridges","Cso2.Conv_2.Org_2.Cell_1","Cso2.Conv_2.Org_2",12,682.133
"Image14","Cso2","Conv_2","Org_2","Cell_1",129.275,"Regular",4,NA,"OLs with bridges","Cso2.Conv_2.Org_2.Cell_1","Cso2.Conv_2.Org_2",12,682.133
"Image14","Cso2","Conv_2","Org_2","Cell_1",44.292,"Anchored",5,NA,"OLs with bridges","Cso2.Conv_2.Org_2.Cell_1","Cso2.Conv_2.Org_2",12,682.133
"Image14","Cso2","Conv_2","Org_2","Cell_1",27.719,"Bridged",6,8.276,"OLs with bridges","Cso2.Conv_2.Org_2.Cell_1","Cso2.Conv_2.Org_2",12,682.133
"Image14","Cso2","Conv_2","Org_2","Cell_1",58.118,"Regular",7,NA,"OLs with bridges","Cso2.Conv_2.Org_2.Cell_1","Cso2.Conv_2.Org_2",12,682.133
"Image14","Cso2","Conv_2","Org_2","Cell_1",30.552,"Regular",8,NA,"OLs with bridges","Cso2.Conv_2.Org_2.Cell_1","Cso2.Conv_2.Org_2",12,682.133
"Image14","Cso2","Conv_2","Org_2","Cell_1",42.574,"Anchored",9,NA,"OLs with bridges","Cso2.Conv_2.Org_2.Cell_1","Cso2.Conv_2.Org_2",12,682.133
"Image14","Cso2","Conv_2","Org_2","Cell_1",8.955,"Bridged",10,5.36,"OLs with bridges","Cso2.Conv_2.Org_2.Cell_1","Cso2.Conv_2.Org_2",12,682.133
"Image14","Cso2","Conv_2","Org_2","Cell_1",53.367,"Regular",11,NA,"OLs with bridges","Cso2.Conv_2.Org_2.Cell_1","Cso2.Conv_2.Org_2",12,682.133
"Image14","Cso2","Conv_2","Org_2","Cell_1",7.527,"Regular",12,NA,"OLs with bridges","Cso2.Conv_2.Org_2.Cell_1","Cso2.Conv_2.Org_2",12,682.133
"Image15","Cso2","Conv_2","Org_2","Cell_2",51.385,"Regular",1,NA,"OLs without bridges","Cso2.Conv_2.Org_2.Cell_2","Cso2.Conv_2.Org_2",11,1037.607
"Image15","Cso2","Conv_2","Org_2","Cell_2",77.354,"Regular",2,NA,"OLs without bridges","Cso2.Conv_2.Org_2.Cell_2","Cso2.Conv_2.Org_2",11,1037.607
"Image15","Cso2","Conv_2","Org_2","Cell_2",85.481,"Regular",3,NA,"OLs without bridges","Cso2.Conv_2.Org_2.Cell_2","Cso2.Conv_2.Org_2",11,1037.607
"Image15","Cso2","Conv_2","Org_2","Cell_2",170.727,"Regular",4,NA,"OLs without bridges","Cso2.Conv_2.Org_2.Cell_2","Cso2.Conv_2.Org_2",11,1037.607
"Image15","Cso2","Conv_2","Org_2","Cell_2",30.944,"Regular",5,NA,"OLs without bridges","Cso2.Conv_2.Org_2.Cell_2","Cso2.Conv_2.Org_2",11,1037.607
"Image15","Cso2","Conv_2","Org_2","Cell_2",81.981,"Regular",6,NA,"OLs without bridges","Cso2.Conv_2.Org_2.Cell_2","Cso2.Conv_2.Org_2",11,1037.607
"Image15","Cso2","Conv_2","Org_2","Cell_2",74.589,"Regular",7,NA,"OLs without bridges","Cso2.Conv_2.Org_2.Cell_2","Cso2.Conv_2.Org_2",11,1037.607
"Image15","Cso2","Conv_2","Org_2","Cell_2",118.915,"Regular",8,NA,"OLs without bridges","Cso2.Conv_2.Org_2.Cell_2","Cso2.Conv_2.Org_2",11,1037.607
"Image15","Cso2","Conv_2","Org_2","Cell_2",135.285,"Regular",9,NA,"OLs without bridges","Cso2.Conv_2.Org_2.Cell_2","Cso2.Conv_2.Org_2",11,1037.607
"Image15","Cso2","Conv_2","Org_2","Cell_2",103.006,"Regular",10,NA,"OLs without bridges","Cso2.Conv_2.Org_2.Cell_2","Cso2.Conv_2.Org_2",11,1037.607
"Image15","Cso2","Conv_2","Org_2","Cell_2",107.94,"Regular",11,NA,"OLs without bridges","Cso2.Conv_2.Org_2.Cell_2","Cso2.Conv_2.Org_2",11,1037.607
"Image18","SHEF4","Conv_3","Org_1","Cell_1",26.367,"Regular",1,NA,"OLs with bridges","SHEF4.Conv_3.Org_1.Cell_1","SHEF4.Conv_3.Org_1",20,1711.174
"Image18","SHEF4","Conv_3","Org_1","Cell_1",101.032,"Anchored",2,NA,"OLs with bridges","SHEF4.Conv_3.Org_1.Cell_1","SHEF4.Conv_3.Org_1",20,1711.174
"Image18","SHEF4","Conv_3","Org_1","Cell_1",124.943,"Bridged",3,15.046,"OLs with bridges","SHEF4.Conv_3.Org_1.Cell_1","SHEF4.Conv_3.Org_1",20,1711.174
"Image18","SHEF4","Conv_3","Org_1","Cell_1",79.064,"Regular",4,NA,"OLs with bridges","SHEF4.Conv_3.Org_1.Cell_1","SHEF4.Conv_3.Org_1",20,1711.174
"Image18","SHEF4","Conv_3","Org_1","Cell_1",59.284,"Regular",5,NA,"OLs with bridges","SHEF4.Conv_3.Org_1.Cell_1","SHEF4.Conv_3.Org_1",20,1711.174
"Image18","SHEF4","Conv_3","Org_1","Cell_1",140.276,"Regular",6,NA,"OLs with bridges","SHEF4.Conv_3.Org_1.Cell_1","SHEF4.Conv_3.Org_1",20,1711.174
"Image18","SHEF4","Conv_3","Org_1","Cell_1",19.514,"Regular",7,NA,"OLs with bridges","SHEF4.Conv_3.Org_1.Cell_1","SHEF4.Conv_3.Org_1",20,1711.174
"Image18","SHEF4","Conv_3","Org_1","Cell_1",111.48,"Regular",8,NA,"OLs with bridges","SHEF4.Conv_3.Org_1.Cell_1","SHEF4.Conv_3.Org_1",20,1711.174
"Image18","SHEF4","Conv_3","Org_1","Cell_1",26.906,"Regular",9,NA,"OLs with bridges","SHEF4.Conv_3.Org_1.Cell_1","SHEF4.Conv_3.Org_1",20,1711.174
"Image18","SHEF4","Conv_3","Org_1","Cell_1",69.739,"Regular",10,NA,"OLs with bridges","SHEF4.Conv_3.Org_1.Cell_1","SHEF4.Conv_3.Org_1",20,1711.174
"Image18","SHEF4","Conv_3","Org_1","Cell_1",130.865,"Regular",11,NA,"OLs with bridges","SHEF4.Conv_3.Org_1.Cell_1","SHEF4.Conv_3.Org_1",20,1711.174
"Image18","SHEF4","Conv_3","Org_1","Cell_1",125.242,"Regular",12,NA,"OLs with bridges","SHEF4.Conv_3.Org_1.Cell_1","SHEF4.Conv_3.Org_1",20,1711.174
"Image18","SHEF4","Conv_3","Org_1","Cell_1",24.706,"Regular",13,NA,"OLs with bridges","SHEF4.Conv_3.Org_1.Cell_1","SHEF4.Conv_3.Org_1",20,1711.174
"Image18","SHEF4","Conv_3","Org_1","Cell_1",76.269,"Anchored",14,NA,"OLs with bridges","SHEF4.Conv_3.Org_1.Cell_1","SHEF4.Conv_3.Org_1",20,1711.174
"Image18","SHEF4","Conv_3","Org_1","Cell_1",94.449,"Bridged",15,43.042,"OLs with bridges","SHEF4.Conv_3.Org_1.Cell_1","SHEF4.Conv_3.Org_1",20,1711.174
"Image18","SHEF4","Conv_3","Org_1","Cell_1",99.571,"Anchored",16,NA,"OLs with bridges","SHEF4.Conv_3.Org_1.Cell_1","SHEF4.Conv_3.Org_1",20,1711.174
"Image18","SHEF4","Conv_3","Org_1","Cell_1",116.376,"Bridged",17,3.206,"OLs with bridges","SHEF4.Conv_3.Org_1.Cell_1","SHEF4.Conv_3.Org_1",20,1711.174
"Image18","SHEF4","Conv_3","Org_1","Cell_1",24.149,"Regular",18,NA,"OLs with bridges","SHEF4.Conv_3.Org_1.Cell_1","SHEF4.Conv_3.Org_1",20,1711.174
"Image18","SHEF4","Conv_3","Org_1","Cell_1",238.92,"Regular",19,NA,"OLs with bridges","SHEF4.Conv_3.Org_1.Cell_1","SHEF4.Conv_3.Org_1",20,1711.174
"Image18","SHEF4","Conv_3","Org_1","Cell_1",22.022,"Regular",20,NA,"OLs with bridges","SHEF4.Conv_3.Org_1.Cell_1","SHEF4.Conv_3.Org_1",20,1711.174
"Image19","SHEF4","Conv_3","Org_1","Cell_2",101.774,"Anchored",1,NA,"OLs with bridges","SHEF4.Conv_3.Org_1.Cell_2","SHEF4.Conv_3.Org_1",18,1780.154
"Image19","SHEF4","Conv_3","Org_1","Cell_2",116.285,"Bridged",2,5.535,"OLs with bridges","SHEF4.Conv_3.Org_1.Cell_2","SHEF4.Conv_3.Org_1",18,1780.154
"Image19","SHEF4","Conv_3","Org_1","Cell_2",93.838,"Regular",3,NA,"OLs with bridges","SHEF4.Conv_3.Org_1.Cell_2","SHEF4.Conv_3.Org_1",18,1780.154
"Image19","SHEF4","Conv_3","Org_1","Cell_2",47.855,"Regular",4,NA,"OLs with bridges","SHEF4.Conv_3.Org_1.Cell_2","SHEF4.Conv_3.Org_1",18,1780.154
"Image19","SHEF4","Conv_3","Org_1","Cell_2",57.891,"Regular",5,NA,"OLs with bridges","SHEF4.Conv_3.Org_1.Cell_2","SHEF4.Conv_3.Org_1",18,1780.154
"Image19","SHEF4","Conv_3","Org_1","Cell_2",98.801,"Regular",6,NA,"OLs with bridges","SHEF4.Conv_3.Org_1.Cell_2","SHEF4.Conv_3.Org_1",18,1780.154
"Image19","SHEF4","Conv_3","Org_1","Cell_2",145.218,"Anchored",7,NA,"OLs with bridges","SHEF4.Conv_3.Org_1.Cell_2","SHEF4.Conv_3.Org_1",18,1780.154
"Image19","SHEF4","Conv_3","Org_1","Cell_2",30.881,"Bridged",8,38.194,"OLs with bridges","SHEF4.Conv_3.Org_1.Cell_2","SHEF4.Conv_3.Org_1",18,1780.154
"Image19","SHEF4","Conv_3","Org_1","Cell_2",84.95,"Regular",9,NA,"OLs with bridges","SHEF4.Conv_3.Org_1.Cell_2","SHEF4.Conv_3.Org_1",18,1780.154
"Image19","SHEF4","Conv_3","Org_1","Cell_2",128.633,"Regular",10,NA,"OLs with bridges","SHEF4.Conv_3.Org_1.Cell_2","SHEF4.Conv_3.Org_1",18,1780.154
"Image19","SHEF4","Conv_3","Org_1","Cell_2",65.747,"Regular",11,NA,"OLs with bridges","SHEF4.Conv_3.Org_1.Cell_2","SHEF4.Conv_3.Org_1",18,1780.154
"Image19","SHEF4","Conv_3","Org_1","Cell_2",15.768,"Regular",12,NA,"OLs with bridges","SHEF4.Conv_3.Org_1.Cell_2","SHEF4.Conv_3.Org_1",18,1780.154
"Image19","SHEF4","Conv_3","Org_1","Cell_2",31.793,"Regular",13,NA,"OLs with bridges","SHEF4.Conv_3.Org_1.Cell_2","SHEF4.Conv_3.Org_1",18,1780.154
"Image19","SHEF4","Conv_3","Org_1","Cell_2",288.358,"Anchored",14,NA,"OLs with bridges","SHEF4.Conv_3.Org_1.Cell_2","SHEF4.Conv_3.Org_1",18,1780.154
"Image19","SHEF4","Conv_3","Org_1","Cell_2",134.247,"Bridged",15,6.231,"OLs with bridges","SHEF4.Conv_3.Org_1.Cell_2","SHEF4.Conv_3.Org_1",18,1780.154
"Image19","SHEF4","Conv_3","Org_1","Cell_2",112.115,"Regular",16,NA,"OLs with bridges","SHEF4.Conv_3.Org_1.Cell_2","SHEF4.Conv_3.Org_1",18,1780.154
"Image19","SHEF4","Conv_3","Org_1","Cell_2",113.587,"Regular",17,NA,"OLs with bridges","SHEF4.Conv_3.Org_1.Cell_2","SHEF4.Conv_3.Org_1",18,1780.154
"Image19","SHEF4","Conv_3","Org_1","Cell_2",112.413,"Regular",18,NA,"OLs with bridges","SHEF4.Conv_3.Org_1.Cell_2","SHEF4.Conv_3.Org_1",18,1780.154
"Image4","Cso2","Conv_4","Org_1","Cell_1",125.471,"Anchored",1,NA,"OLs with bridges","Cso2.Conv_4.Org_1.Cell_1","Cso2.Conv_4.Org_1",6,568.82
"Image4","Cso2","Conv_4","Org_1","Cell_1",21.933,"Bridged",2,3.449,"OLs with bridges","Cso2.Conv_4.Org_1.Cell_1","Cso2.Conv_4.Org_1",6,568.82
"Image4","Cso2","Conv_4","Org_1","Cell_1",134.267,"Regular",3,NA,"OLs with bridges","Cso2.Conv_4.Org_1.Cell_1","Cso2.Conv_4.Org_1",6,568.82
"Image4","Cso2","Conv_4","Org_1","Cell_1",83.151,"Regular",4,NA,"OLs with bridges","Cso2.Conv_4.Org_1.Cell_1","Cso2.Conv_4.Org_1",6,568.82
"Image4","Cso2","Conv_4","Org_1","Cell_1",80.553,"Regular",5,NA,"OLs with bridges","Cso2.Conv_4.Org_1.Cell_1","Cso2.Conv_4.Org_1",6,568.82
"Image4","Cso2","Conv_4","Org_1","Cell_1",123.445,"Regular",6,NA,"OLs with bridges","Cso2.Conv_4.Org_1.Cell_1","Cso2.Conv_4.Org_1",6,568.82
"Image4","Cso2","Conv_4","Org_1","Cell_2",174.568,"Regular",1,NA,"OLs without bridges","Cso2.Conv_4.Org_1.Cell_2","Cso2.Conv_4.Org_1",7,978.136
"Image4","Cso2","Conv_4","Org_1","Cell_2",137.557,"Regular",2,NA,"OLs without bridges","Cso2.Conv_4.Org_1.Cell_2","Cso2.Conv_4.Org_1",7,978.136
"Image4","Cso2","Conv_4","Org_1","Cell_2",92.361,"Regular",3,NA,"OLs without bridges","Cso2.Conv_4.Org_1.Cell_2","Cso2.Conv_4.Org_1",7,978.136
"Image4","Cso2","Conv_4","Org_1","Cell_2",105.821,"Regular",4,NA,"OLs without bridges","Cso2.Conv_4.Org_1.Cell_2","Cso2.Conv_4.Org_1",7,978.136
"Image4","Cso2","Conv_4","Org_1","Cell_2",160.526,"Regular",5,NA,"OLs without bridges","Cso2.Conv_4.Org_1.Cell_2","Cso2.Conv_4.Org_1",7,978.136
"Image4","Cso2","Conv_4","Org_1","Cell_2",170.167,"Regular",6,NA,"OLs without bridges","Cso2.Conv_4.Org_1.Cell_2","Cso2.Conv_4.Org_1",7,978.136
"Image4","Cso2","Conv_4","Org_1","Cell_2",137.136,"Regular",7,NA,"OLs without bridges","Cso2.Conv_4.Org_1.Cell_2","Cso2.Conv_4.Org_1",7,978.136
"Image4","Cso2","Conv_4","Org_1","Cell_3",127.104,"Regular",1,NA,"OLs without bridges","Cso2.Conv_4.Org_1.Cell_3","Cso2.Conv_4.Org_1",7,874.929
"Image4","Cso2","Conv_4","Org_1","Cell_3",116.196,"Regular",2,NA,"OLs without bridges","Cso2.Conv_4.Org_1.Cell_3","Cso2.Conv_4.Org_1",7,874.929
"Image4","Cso2","Conv_4","Org_1","Cell_3",94.285,"Regular",3,NA,"OLs without bridges","Cso2.Conv_4.Org_1.Cell_3","Cso2.Conv_4.Org_1",7,874.929
"Image4","Cso2","Conv_4","Org_1","Cell_3",104.06,"Regular",4,NA,"OLs without bridges","Cso2.Conv_4.Org_1.Cell_3","Cso2.Conv_4.Org_1",7,874.929
"Image4","Cso2","Conv_4","Org_1","Cell_3",126.556,"Regular",5,NA,"OLs without bridges","Cso2.Conv_4.Org_1.Cell_3","Cso2.Conv_4.Org_1",7,874.929
"Image4","Cso2","Conv_4","Org_1","Cell_3",178.438,"Regular",6,NA,"OLs without bridges","Cso2.Conv_4.Org_1.Cell_3","Cso2.Conv_4.Org_1",7,874.929
"Image4","Cso2","Conv_4","Org_1","Cell_3",128.29,"Regular",7,NA,"OLs without bridges","Cso2.Conv_4.Org_1.Cell_3","Cso2.Conv_4.Org_1",7,874.929
"Image3","Cso2","Conv_4","Org_2","Cell_1",109.158,"Regular",1,NA,"OLs with bridges","Cso2.Conv_4.Org_2.Cell_1","Cso2.Conv_4.Org_2",6,691.095
"Image3","Cso2","Conv_4","Org_2","Cell_1",140.662,"Regular",2,NA,"OLs with bridges","Cso2.Conv_4.Org_2.Cell_1","Cso2.Conv_4.Org_2",6,691.095
"Image3","Cso2","Conv_4","Org_2","Cell_1",168.267,"Regular",3,NA,"OLs with bridges","Cso2.Conv_4.Org_2.Cell_1","Cso2.Conv_4.Org_2",6,691.095
"Image3","Cso2","Conv_4","Org_2","Cell_1",100.699,"Anchored",4,NA,"OLs with bridges","Cso2.Conv_4.Org_2.Cell_1","Cso2.Conv_4.Org_2",6,691.095
"Image3","Cso2","Conv_4","Org_2","Cell_1",69.93,"Bridged",5,47.243,"OLs with bridges","Cso2.Conv_4.Org_2.Cell_1","Cso2.Conv_4.Org_2",6,691.095
"Image3","Cso2","Conv_4","Org_2","Cell_1",102.379,"Regular",6,NA,"OLs with bridges","Cso2.Conv_4.Org_2.Cell_1","Cso2.Conv_4.Org_2",6,691.095
"Image3","Cso2","Conv_4","Org_2","Cell_2",98.586,"Regular",1,NA,"OLs without bridges","Cso2.Conv_4.Org_2.Cell_2","Cso2.Conv_4.Org_2",6,792.145
"Image3","Cso2","Conv_4","Org_2","Cell_2",228.331,"Regular",2,NA,"OLs without bridges","Cso2.Conv_4.Org_2.Cell_2","Cso2.Conv_4.Org_2",6,792.145
"Image3","Cso2","Conv_4","Org_2","Cell_2",152.63,"Regular",3,NA,"OLs without bridges","Cso2.Conv_4.Org_2.Cell_2","Cso2.Conv_4.Org_2",6,792.145
"Image3","Cso2","Conv_4","Org_2","Cell_2",96.207,"Regular",4,NA,"OLs without bridges","Cso2.Conv_4.Org_2.Cell_2","Cso2.Conv_4.Org_2",6,792.145
"Image3","Cso2","Conv_4","Org_2","Cell_2",112.273,"Regular",5,NA,"OLs without bridges","Cso2.Conv_4.Org_2.Cell_2","Cso2.Conv_4.Org_2",6,792.145
"Image3","Cso2","Conv_4","Org_2","Cell_2",104.118,"Regular",6,NA,"OLs without bridges","Cso2.Conv_4.Org_2.Cell_2","Cso2.Conv_4.Org_2",6,792.145
"Image13","Cs25","Conv_1","Org_2","Cell_3",122.016,"Regular",1,NA,"OLs without bridges","Cs25.Conv_1.Org_2.Cell_3","Cs25.Conv_1.Org_2",9,715.532
"Image13","Cs25","Conv_1","Org_2","Cell_3",131.593,"Regular",2,NA,"OLs without bridges","Cs25.Conv_1.Org_2.Cell_3","Cs25.Conv_1.Org_2",9,715.532
"Image13","Cs25","Conv_1","Org_2","Cell_3",79.172,"Regular",3,NA,"OLs without bridges","Cs25.Conv_1.Org_2.Cell_3","Cs25.Conv_1.Org_2",9,715.532
"Image13","Cs25","Conv_1","Org_2","Cell_3",62.687,"Regular",4,NA,"OLs without bridges","Cs25.Conv_1.Org_2.Cell_3","Cs25.Conv_1.Org_2",9,715.532
"Image13","Cs25","Conv_1","Org_2","Cell_3",80.904,"Regular",5,NA,"OLs without bridges","Cs25.Conv_1.Org_2.Cell_3","Cs25.Conv_1.Org_2",9,715.532
"Image13","Cs25","Conv_1","Org_2","Cell_3",65.284,"Regular",6,NA,"OLs without bridges","Cs25.Conv_1.Org_2.Cell_3","Cs25.Conv_1.Org_2",9,715.532
"Image13","Cs25","Conv_1","Org_2","Cell_3",11.665,"Regular",7,NA,"OLs without bridges","Cs25.Conv_1.Org_2.Cell_3","Cs25.Conv_1.Org_2",9,715.532
"Image13","Cs25","Conv_1","Org_2","Cell_3",131.605,"Regular",8,NA,"OLs without bridges","Cs25.Conv_1.Org_2.Cell_3","Cs25.Conv_1.Org_2",9,715.532
"Image13","Cs25","Conv_1","Org_2","Cell_3",30.606,"Regular",9,NA,"OLs without bridges","Cs25.Conv_1.Org_2.Cell_3","Cs25.Conv_1.Org_2",9,715.532
"Image13","Cs25","Conv_1","Org_2","Cell_4",125.96,"Regular",1,NA,"OLs without bridges","Cs25.Conv_1.Org_2.Cell_4","Cs25.Conv_1.Org_2",15,1304.717
"Image13","Cs25","Conv_1","Org_2","Cell_4",89.376,"Regular",2,NA,"OLs without bridges","Cs25.Conv_1.Org_2.Cell_4","Cs25.Conv_1.Org_2",15,1304.717
"Image13","Cs25","Conv_1","Org_2","Cell_4",64.191,"Regular",3,NA,"OLs without bridges","Cs25.Conv_1.Org_2.Cell_4","Cs25.Conv_1.Org_2",15,1304.717
"Image13","Cs25","Conv_1","Org_2","Cell_4",83.862,"Regular",4,NA,"OLs without bridges","Cs25.Conv_1.Org_2.Cell_4","Cs25.Conv_1.Org_2",15,1304.717
"Image13","Cs25","Conv_1","Org_2","Cell_4",136.219,"Regular",5,NA,"OLs without bridges","Cs25.Conv_1.Org_2.Cell_4","Cs25.Conv_1.Org_2",15,1304.717
"Image13","Cs25","Conv_1","Org_2","Cell_4",104.805,"Regular",6,NA,"OLs without bridges","Cs25.Conv_1.Org_2.Cell_4","Cs25.Conv_1.Org_2",15,1304.717
"Image13","Cs25","Conv_1","Org_2","Cell_4",88.354,"Regular",7,NA,"OLs without bridges","Cs25.Conv_1.Org_2.Cell_4","Cs25.Conv_1.Org_2",15,1304.717
"Image13","Cs25","Conv_1","Org_2","Cell_4",91.758,"Regular",8,NA,"OLs without bridges","Cs25.Conv_1.Org_2.Cell_4","Cs25.Conv_1.Org_2",15,1304.717
"Image13","Cs25","Conv_1","Org_2","Cell_4",71.148,"Regular",9,NA,"OLs without bridges","Cs25.Conv_1.Org_2.Cell_4","Cs25.Conv_1.Org_2",15,1304.717
"Image13","Cs25","Conv_1","Org_2","Cell_4",135.295,"Regular",10,NA,"OLs without bridges","Cs25.Conv_1.Org_2.Cell_4","Cs25.Conv_1.Org_2",15,1304.717
"Image13","Cs25","Conv_1","Org_2","Cell_4",62.903,"Regular",11,NA,"OLs without bridges","Cs25.Conv_1.Org_2.Cell_4","Cs25.Conv_1.Org_2",15,1304.717
"Image13","Cs25","Conv_1","Org_2","Cell_4",56.105,"Regular",12,NA,"OLs without bridges","Cs25.Conv_1.Org_2.Cell_4","Cs25.Conv_1.Org_2",15,1304.717
"Image13","Cs25","Conv_1","Org_2","Cell_4",28.741,"Regular",13,NA,"OLs without bridges","Cs25.Conv_1.Org_2.Cell_4","Cs25.Conv_1.Org_2",15,1304.717
"Image13","Cs25","Conv_1","Org_2","Cell_4",91.186,"Regular",14,NA,"OLs without bridges","Cs25.Conv_1.Org_2.Cell_4","Cs25.Conv_1.Org_2",15,1304.717
"Image13","Cs25","Conv_1","Org_2","Cell_4",74.814,"Regular",15,NA,"OLs without bridges","Cs25.Conv_1.Org_2.Cell_4","Cs25.Conv_1.Org_2",15,1304.717
"Image5","Cso2","Conv_5","Org_1","Cell_1",139.866,"Anchored",1,NA,"OLs with bridges","Cso2.Conv_5.Org_1.Cell_1","Cso2.Conv_5.Org_1",8,1057.121
"Image5","Cso2","Conv_5","Org_1","Cell_1",124.253,"Bridged",2,1.96,"OLs with bridges","Cso2.Conv_5.Org_1.Cell_1","Cso2.Conv_5.Org_1",8,1057.121
"Image5","Cso2","Conv_5","Org_1","Cell_1",172.849,"Regular",3,NA,"OLs with bridges","Cso2.Conv_5.Org_1.Cell_1","Cso2.Conv_5.Org_1",8,1057.121
"Image5","Cso2","Conv_5","Org_1","Cell_1",134.244,"Regular",4,NA,"OLs with bridges","Cso2.Conv_5.Org_1.Cell_1","Cso2.Conv_5.Org_1",8,1057.121
"Image5","Cso2","Conv_5","Org_1","Cell_1",56.376,"Regular",5,NA,"OLs with bridges","Cso2.Conv_5.Org_1.Cell_1","Cso2.Conv_5.Org_1",8,1057.121
"Image5","Cso2","Conv_5","Org_1","Cell_1",154.375,"Anchored",6,NA,"OLs with bridges","Cso2.Conv_5.Org_1.Cell_1","Cso2.Conv_5.Org_1",8,1057.121
"Image5","Cso2","Conv_5","Org_1","Cell_1",128.489,"Bridged",7,2.483,"OLs with bridges","Cso2.Conv_5.Org_1.Cell_1","Cso2.Conv_5.Org_1",8,1057.121
"Image5","Cso2","Conv_5","Org_1","Cell_1",146.669,"Regular",8,NA,"OLs with bridges","Cso2.Conv_5.Org_1.Cell_1","Cso2.Conv_5.Org_1",8,1057.121
"Image5","Cso2","Conv_5","Org_1","Cell_2",17.344,"Anchored",1,NA,"OLs with bridges","Cso2.Conv_5.Org_1.Cell_2","Cso2.Conv_5.Org_1",9,971.74
"Image5","Cso2","Conv_5","Org_1","Cell_2",160.316,"Bridged",2,41.856,"OLs with bridges","Cso2.Conv_5.Org_1.Cell_2","Cso2.Conv_5.Org_1",9,971.74
"Image5","Cso2","Conv_5","Org_1","Cell_2",210.225,"Regular",3,NA,"OLs with bridges","Cso2.Conv_5.Org_1.Cell_2","Cso2.Conv_5.Org_1",9,971.74
"Image5","Cso2","Conv_5","Org_1","Cell_2",134.091,"Regular",4,NA,"OLs with bridges","Cso2.Conv_5.Org_1.Cell_2","Cso2.Conv_5.Org_1",9,971.74
"Image5","Cso2","Conv_5","Org_1","Cell_2",122.67,"Regular",5,NA,"OLs with bridges","Cso2.Conv_5.Org_1.Cell_2","Cso2.Conv_5.Org_1",9,971.74
"Image5","Cso2","Conv_5","Org_1","Cell_2",20.73,"Regular",6,NA,"OLs with bridges","Cso2.Conv_5.Org_1.Cell_2","Cso2.Conv_5.Org_1",9,971.74
"Image5","Cso2","Conv_5","Org_1","Cell_2",102.685,"Regular",7,NA,"OLs with bridges","Cso2.Conv_5.Org_1.Cell_2","Cso2.Conv_5.Org_1",9,971.74
"Image5","Cso2","Conv_5","Org_1","Cell_2",122.796,"Regular",8,NA,"OLs with bridges","Cso2.Conv_5.Org_1.Cell_2","Cso2.Conv_5.Org_1",9,971.74
"Image5","Cso2","Conv_5","Org_1","Cell_2",80.883,"Regular",9,NA,"OLs with bridges","Cso2.Conv_5.Org_1.Cell_2","Cso2.Conv_5.Org_1",9,971.74
"Image20","Cso2","Conv_5","Org_2","Cell_1",165.021,"Anchored",1,NA,"OLs with bridges","Cso2.Conv_5.Org_2.Cell_1","Cso2.Conv_5.Org_2",4,686.994
"Image20","Cso2","Conv_5","Org_2","Cell_1",156.459,"Bridged_perpendicular",2,7.318,"OLs with bridges","Cso2.Conv_5.Org_2.Cell_1","Cso2.Conv_5.Org_2",4,686.994
"Image20","Cso2","Conv_5","Org_2","Cell_1",185.175,"Regular",3,NA,"OLs with bridges","Cso2.Conv_5.Org_2.Cell_1","Cso2.Conv_5.Org_2",4,686.994
"Image20","Cso2","Conv_5","Org_2","Cell_1",180.339,"Regular",4,NA,"OLs with bridges","Cso2.Conv_5.Org_2.Cell_1","Cso2.Conv_5.Org_2",4,686.994
"Image20","Cso2","Conv_5","Org_2","Cell_2",256.837,"Regular",1,NA,"OLs without bridges","Cso2.Conv_5.Org_2.Cell_2","Cso2.Conv_5.Org_2",6,962.543
"Image20","Cso2","Conv_5","Org_2","Cell_2",119.799,"Regular",2,NA,"OLs without bridges","Cso2.Conv_5.Org_2.Cell_2","Cso2.Conv_5.Org_2",6,962.543
"Image20","Cso2","Conv_5","Org_2","Cell_2",158.535,"Regular",3,NA,"OLs without bridges","Cso2.Conv_5.Org_2.Cell_2","Cso2.Conv_5.Org_2",6,962.543
"Image20","Cso2","Conv_5","Org_2","Cell_2",160.808,"Regular",4,NA,"OLs without bridges","Cso2.Conv_5.Org_2.Cell_2","Cso2.Conv_5.Org_2",6,962.543
"Image20","Cso2","Conv_5","Org_2","Cell_2",157.032,"Regular",5,NA,"OLs without bridges","Cso2.Conv_5.Org_2.Cell_2","Cso2.Conv_5.Org_2",6,962.543
"Image20","Cso2","Conv_5","Org_2","Cell_2",109.532,"Regular",6,NA,"OLs without bridges","Cso2.Conv_5.Org_2.Cell_2","Cso2.Conv_5.Org_2",6,962.543
"Image20","Cso2","Conv_5","Org_2","Cell_3",148.544,"Regular",1,NA,"OLs with bridges","Cso2.Conv_5.Org_2.Cell_3","Cso2.Conv_5.Org_2",7,1127.502
"Image20","Cso2","Conv_5","Org_2","Cell_3",161.518,"Anchored",2,11.018,"OLs with bridges","Cso2.Conv_5.Org_2.Cell_3","Cso2.Conv_5.Org_2",7,1127.502
"Image20","Cso2","Conv_5","Org_2","Cell_3",106.067,"Bridged",3,NA,"OLs with bridges","Cso2.Conv_5.Org_2.Cell_3","Cso2.Conv_5.Org_2",7,1127.502
"Image20","Cso2","Conv_5","Org_2","Cell_3",194.965,"Regular",4,NA,"OLs with bridges","Cso2.Conv_5.Org_2.Cell_3","Cso2.Conv_5.Org_2",7,1127.502
"Image20","Cso2","Conv_5","Org_2","Cell_3",232.934,"Regular",5,NA,"OLs with bridges","Cso2.Conv_5.Org_2.Cell_3","Cso2.Conv_5.Org_2",7,1127.502
"Image20","Cso2","Conv_5","Org_2","Cell_3",209.571,"Regular",6,NA,"OLs with bridges","Cso2.Conv_5.Org_2.Cell_3","Cso2.Conv_5.Org_2",7,1127.502
"Image20","Cso2","Conv_5","Org_2","Cell_3",73.903,"Regular",7,NA,"OLs with bridges","Cso2.Conv_5.Org_2.Cell_3","Cso2.Conv_5.Org_2",7,1127.502
"Image20","Cso2","Conv_5","Org_2","Cell_4",98.492,"Regular",1,NA,"OLs without bridges","Cso2.Conv_5.Org_2.Cell_4","Cso2.Conv_5.Org_2",6,791.804
"Image20","Cso2","Conv_5","Org_2","Cell_4",121.2,"Regular",2,NA,"OLs without bridges","Cso2.Conv_5.Org_2.Cell_4","Cso2.Conv_5.Org_2",6,791.804
"Image20","Cso2","Conv_5","Org_2","Cell_4",57.087,"Regular",3,NA,"OLs without bridges","Cso2.Conv_5.Org_2.Cell_4","Cso2.Conv_5.Org_2",6,791.804
"Image20","Cso2","Conv_5","Org_2","Cell_4",288.01,"Regular",4,NA,"OLs without bridges","Cso2.Conv_5.Org_2.Cell_4","Cso2.Conv_5.Org_2",6,791.804
"Image20","Cso2","Conv_5","Org_2","Cell_4",142.335,"Regular",5,NA,"OLs without bridges","Cso2.Conv_5.Org_2.Cell_4","Cso2.Conv_5.Org_2",6,791.804
"Image20","Cso2","Conv_5","Org_2","Cell_4",84.68,"Regular",6,NA,"OLs without bridges","Cso2.Conv_5.Org_2.Cell_4","Cso2.Conv_5.Org_2",6,791.804
"Image20","Cso2","Conv_5","Org_2","Cell_5",139.415,"Regular",1,NA,"OLs without bridges","Cso2.Conv_5.Org_2.Cell_5","Cso2.Conv_5.Org_2",8,830.211
"Image20","Cso2","Conv_5","Org_2","Cell_5",111.422,"Regular",2,NA,"OLs without bridges","Cso2.Conv_5.Org_2.Cell_5","Cso2.Conv_5.Org_2",8,830.211
"Image20","Cso2","Conv_5","Org_2","Cell_5",13.72,"Regular",3,NA,"OLs without bridges","Cso2.Conv_5.Org_2.Cell_5","Cso2.Conv_5.Org_2",8,830.211
"Image20","Cso2","Conv_5","Org_2","Cell_5",99.287,"Regular",4,NA,"OLs without bridges","Cso2.Conv_5.Org_2.Cell_5","Cso2.Conv_5.Org_2",8,830.211
"Image20","Cso2","Conv_5","Org_2","Cell_5",213.619,"Regular",5,NA,"OLs without bridges","Cso2.Conv_5.Org_2.Cell_5","Cso2.Conv_5.Org_2",8,830.211
"Image20","Cso2","Conv_5","Org_2","Cell_5",59.374,"Regular",6,NA,"OLs without bridges","Cso2.Conv_5.Org_2.Cell_5","Cso2.Conv_5.Org_2",8,830.211
"Image20","Cso2","Conv_5","Org_2","Cell_5",101.874,"Regular",7,NA,"OLs without bridges","Cso2.Conv_5.Org_2.Cell_5","Cso2.Conv_5.Org_2",8,830.211
"Image20","Cso2","Conv_5","Org_2","Cell_5",91.5,"Regular",8,NA,"OLs without bridges","Cso2.Conv_5.Org_2.Cell_5","Cso2.Conv_5.Org_2",8,830.211
"Image6","Cso2","Conv_6","Org_1","Cell_1",83.855,"Anchored",1,NA,"OLs with bridges","Cso2.Conv_6.Org_1.Cell_1","Cso2.Conv_6.Org_1",11,799.036
"Image6","Cso2","Conv_6","Org_1","Cell_1",83.503,"Bridged",2,1.712,"OLs with bridges","Cso2.Conv_6.Org_1.Cell_1","Cso2.Conv_6.Org_1",11,799.036
"Image6","Cso2","Conv_6","Org_1","Cell_1",174.437,"Regular",3,NA,"OLs with bridges","Cso2.Conv_6.Org_1.Cell_1","Cso2.Conv_6.Org_1",11,799.036
"Image6","Cso2","Conv_6","Org_1","Cell_1",46.6,"Regular",4,NA,"OLs with bridges","Cso2.Conv_6.Org_1.Cell_1","Cso2.Conv_6.Org_1",11,799.036
"Image6","Cso2","Conv_6","Org_1","Cell_1",64.716,"Regular",5,NA,"OLs with bridges","Cso2.Conv_6.Org_1.Cell_1","Cso2.Conv_6.Org_1",11,799.036
"Image6","Cso2","Conv_6","Org_1","Cell_1",14.142,"Regular",6,NA,"OLs with bridges","Cso2.Conv_6.Org_1.Cell_1","Cso2.Conv_6.Org_1",11,799.036
"Image6","Cso2","Conv_6","Org_1","Cell_1",45.225,"Regular",7,NA,"OLs with bridges","Cso2.Conv_6.Org_1.Cell_1","Cso2.Conv_6.Org_1",11,799.036
"Image6","Cso2","Conv_6","Org_1","Cell_1",112.949,"Regular",8,NA,"OLs with bridges","Cso2.Conv_6.Org_1.Cell_1","Cso2.Conv_6.Org_1",11,799.036
"Image6","Cso2","Conv_6","Org_1","Cell_1",40.875,"Regular",9,NA,"OLs with bridges","Cso2.Conv_6.Org_1.Cell_1","Cso2.Conv_6.Org_1",11,799.036
"Image6","Cso2","Conv_6","Org_1","Cell_1",21.127,"Regular",10,NA,"OLs with bridges","Cso2.Conv_6.Org_1.Cell_1","Cso2.Conv_6.Org_1",11,799.036
"Image6","Cso2","Conv_6","Org_1","Cell_1",111.607,"Regular",11,NA,"OLs with bridges","Cso2.Conv_6.Org_1.Cell_1","Cso2.Conv_6.Org_1",11,799.036
"Image6","Cso2","Conv_6","Org_1","Cell_2",183.347,"Regular",1,NA,"OLs with bridges","Cso2.Conv_6.Org_1.Cell_2","Cso2.Conv_6.Org_1",14,1284.703
"Image6","Cso2","Conv_6","Org_1","Cell_2",121.52,"Anchored",2,NA,"OLs with bridges","Cso2.Conv_6.Org_1.Cell_2","Cso2.Conv_6.Org_1",14,1284.703
"Image6","Cso2","Conv_6","Org_1","Cell_2",66.07,"Bridged",3,1.1,"OLs with bridges","Cso2.Conv_6.Org_1.Cell_2","Cso2.Conv_6.Org_1",14,1284.703
"Image6","Cso2","Conv_6","Org_1","Cell_2",65.623,"Regular",4,NA,"OLs with bridges","Cso2.Conv_6.Org_1.Cell_2","Cso2.Conv_6.Org_1",14,1284.703
"Image6","Cso2","Conv_6","Org_1","Cell_2",38.415,"Anchored",5,NA,"OLs with bridges","Cso2.Conv_6.Org_1.Cell_2","Cso2.Conv_6.Org_1",14,1284.703
"Image6","Cso2","Conv_6","Org_1","Cell_2",74.944,"Regular",6,NA,"OLs with bridges","Cso2.Conv_6.Org_1.Cell_2","Cso2.Conv_6.Org_1",14,1284.703
"Image6","Cso2","Conv_6","Org_1","Cell_2",129.298,"Regular",7,NA,"OLs with bridges","Cso2.Conv_6.Org_1.Cell_2","Cso2.Conv_6.Org_1",14,1284.703
"Image6","Cso2","Conv_6","Org_1","Cell_2",192.4,"Regular",8,NA,"OLs with bridges","Cso2.Conv_6.Org_1.Cell_2","Cso2.Conv_6.Org_1",14,1284.703
"Image6","Cso2","Conv_6","Org_1","Cell_2",84.181,"Regular",9,NA,"OLs with bridges","Cso2.Conv_6.Org_1.Cell_2","Cso2.Conv_6.Org_1",14,1284.703
"Image6","Cso2","Conv_6","Org_1","Cell_2",61.017,"Regular",10,NA,"OLs with bridges","Cso2.Conv_6.Org_1.Cell_2","Cso2.Conv_6.Org_1",14,1284.703
"Image6","Cso2","Conv_6","Org_1","Cell_2",28.037,"Regular",11,NA,"OLs with bridges","Cso2.Conv_6.Org_1.Cell_2","Cso2.Conv_6.Org_1",14,1284.703
"Image6","Cso2","Conv_6","Org_1","Cell_2",67.453,"Regular",12,NA,"OLs with bridges","Cso2.Conv_6.Org_1.Cell_2","Cso2.Conv_6.Org_1",14,1284.703
"Image6","Cso2","Conv_6","Org_1","Cell_2",146.072,"Regular",13,NA,"OLs with bridges","Cso2.Conv_6.Org_1.Cell_2","Cso2.Conv_6.Org_1",14,1284.703
"Image6","Cso2","Conv_6","Org_1","Cell_2",26.326,"Bridged",14,28.018,"OLs with bridges","Cso2.Conv_6.Org_1.Cell_2","Cso2.Conv_6.Org_1",14,1284.703
"Image6","Cso2","Conv_6","Org_1","Cell_3",172.72,"Anchored",1,NA,"OLs with bridges","Cso2.Conv_6.Org_1.Cell_3","Cso2.Conv_6.Org_1",8,1143.043
"Image6","Cso2","Conv_6","Org_1","Cell_3",112.018,"Bridged",2,3.111,"OLs with bridges","Cso2.Conv_6.Org_1.Cell_3","Cso2.Conv_6.Org_1",8,1143.043
"Image6","Cso2","Conv_6","Org_1","Cell_3",135.482,"Regular",3,NA,"OLs with bridges","Cso2.Conv_6.Org_1.Cell_3","Cso2.Conv_6.Org_1",8,1143.043
"Image6","Cso2","Conv_6","Org_1","Cell_3",159.28,"Regular",4,NA,"OLs with bridges","Cso2.Conv_6.Org_1.Cell_3","Cso2.Conv_6.Org_1",8,1143.043
"Image6","Cso2","Conv_6","Org_1","Cell_3",159.463,"Regular",5,NA,"OLs with bridges","Cso2.Conv_6.Org_1.Cell_3","Cso2.Conv_6.Org_1",8,1143.043
"Image6","Cso2","Conv_6","Org_1","Cell_3",170.132,"Regular",6,NA,"OLs with bridges","Cso2.Conv_6.Org_1.Cell_3","Cso2.Conv_6.Org_1",8,1143.043
"Image6","Cso2","Conv_6","Org_1","Cell_3",134.297,"Regular",7,NA,"OLs with bridges","Cso2.Conv_6.Org_1.Cell_3","Cso2.Conv_6.Org_1",8,1143.043
"Image6","Cso2","Conv_6","Org_1","Cell_3",99.651,"Regular",8,NA,"OLs with bridges","Cso2.Conv_6.Org_1.Cell_3","Cso2.Conv_6.Org_1",8,1143.043
"Image6","Cso2","Conv_6","Org_1","Cell_4",121.149,"Regular",1,NA,"OLs without bridges","Cso2.Conv_6.Org_1.Cell_4","Cso2.Conv_6.Org_1",11,999.729
"Image6","Cso2","Conv_6","Org_1","Cell_4",29.421,"Regular",2,NA,"OLs without bridges","Cso2.Conv_6.Org_1.Cell_4","Cso2.Conv_6.Org_1",11,999.729
"Image6","Cso2","Conv_6","Org_1","Cell_4",206.354,"Regular",3,NA,"OLs without bridges","Cso2.Conv_6.Org_1.Cell_4","Cso2.Conv_6.Org_1",11,999.729
"Image6","Cso2","Conv_6","Org_1","Cell_4",85.218,"Regular",4,NA,"OLs without bridges","Cso2.Conv_6.Org_1.Cell_4","Cso2.Conv_6.Org_1",11,999.729
"Image6","Cso2","Conv_6","Org_1","Cell_4",90.322,"Regular",5,NA,"OLs without bridges","Cso2.Conv_6.Org_1.Cell_4","Cso2.Conv_6.Org_1",11,999.729
"Image6","Cso2","Conv_6","Org_1","Cell_4",58.085,"Regular",6,NA,"OLs without bridges","Cso2.Conv_6.Org_1.Cell_4","Cso2.Conv_6.Org_1",11,999.729
"Image6","Cso2","Conv_6","Org_1","Cell_4",40.684,"Regular",7,NA,"OLs without bridges","Cso2.Conv_6.Org_1.Cell_4","Cso2.Conv_6.Org_1",11,999.729
"Image6","Cso2","Conv_6","Org_1","Cell_4",73.479,"Regular",8,NA,"OLs without bridges","Cso2.Conv_6.Org_1.Cell_4","Cso2.Conv_6.Org_1",11,999.729
"Image6","Cso2","Conv_6","Org_1","Cell_4",60.743,"Regular",9,NA,"OLs without bridges","Cso2.Conv_6.Org_1.Cell_4","Cso2.Conv_6.Org_1",11,999.729
"Image6","Cso2","Conv_6","Org_1","Cell_4",178.045,"Regular",10,NA,"OLs without bridges","Cso2.Conv_6.Org_1.Cell_4","Cso2.Conv_6.Org_1",11,999.729
"Image6","Cso2","Conv_6","Org_1","Cell_4",56.229,"Regular",11,NA,"OLs without bridges","Cso2.Conv_6.Org_1.Cell_4","Cso2.Conv_6.Org_1",11,999.729
"Image6","Cso2","Conv_6","Org_1","Cell_5",77.415,"Regular",1,NA,"OLs with bridges","Cso2.Conv_6.Org_1.Cell_5","Cso2.Conv_6.Org_1",12,1218.872
"Image6","Cso2","Conv_6","Org_1","Cell_5",274.426,"Regular",2,NA,"OLs with bridges","Cso2.Conv_6.Org_1.Cell_5","Cso2.Conv_6.Org_1",12,1218.872
"Image6","Cso2","Conv_6","Org_1","Cell_5",87.992,"Regular",3,NA,"OLs with bridges","Cso2.Conv_6.Org_1.Cell_5","Cso2.Conv_6.Org_1",12,1218.872
"Image6","Cso2","Conv_6","Org_1","Cell_5",72.684,"Regular",4,NA,"OLs with bridges","Cso2.Conv_6.Org_1.Cell_5","Cso2.Conv_6.Org_1",12,1218.872
"Image6","Cso2","Conv_6","Org_1","Cell_5",110.334,"Anchored",5,NA,"OLs with bridges","Cso2.Conv_6.Org_1.Cell_5","Cso2.Conv_6.Org_1",12,1218.872
"Image6","Cso2","Conv_6","Org_1","Cell_5",47.477,"Bridged",6,45.347,"OLs with bridges","Cso2.Conv_6.Org_1.Cell_5","Cso2.Conv_6.Org_1",12,1218.872
"Image6","Cso2","Conv_6","Org_1","Cell_5",156.269,"Regular",7,NA,"OLs with bridges","Cso2.Conv_6.Org_1.Cell_5","Cso2.Conv_6.Org_1",12,1218.872
"Image6","Cso2","Conv_6","Org_1","Cell_5",75.081,"Regular",8,NA,"OLs with bridges","Cso2.Conv_6.Org_1.Cell_5","Cso2.Conv_6.Org_1",12,1218.872
"Image6","Cso2","Conv_6","Org_1","Cell_5",109.169,"Regular",9,NA,"OLs with bridges","Cso2.Conv_6.Org_1.Cell_5","Cso2.Conv_6.Org_1",12,1218.872
"Image6","Cso2","Conv_6","Org_1","Cell_5",103.975,"Regular",10,NA,"OLs with bridges","Cso2.Conv_6.Org_1.Cell_5","Cso2.Conv_6.Org_1",12,1218.872
"Image6","Cso2","Conv_6","Org_1","Cell_5",61.168,"Regular",11,NA,"OLs with bridges","Cso2.Conv_6.Org_1.Cell_5","Cso2.Conv_6.Org_1",12,1218.872
"Image6","Cso2","Conv_6","Org_1","Cell_5",42.882,"Regular",12,NA,"OLs with bridges","Cso2.Conv_6.Org_1.Cell_5","Cso2.Conv_6.Org_1",12,1218.872
"Image2","Cso2","Conv_6","Org_2","Cell_1",36.128,"Regular",1,NA,"OLs with bridges","Cso2.Conv_6.Org_2.Cell_1","Cso2.Conv_6.Org_2",17,1551.505
"Image2","Cso2","Conv_6","Org_2","Cell_1",208.011,"Regular",2,NA,"OLs with bridges","Cso2.Conv_6.Org_2.Cell_1","Cso2.Conv_6.Org_2",17,1551.505
"Image2","Cso2","Conv_6","Org_2","Cell_1",81.583,"Regular",3,NA,"OLs with bridges","Cso2.Conv_6.Org_2.Cell_1","Cso2.Conv_6.Org_2",17,1551.505
"Image2","Cso2","Conv_6","Org_2","Cell_1",80.399,"Regular",4,NA,"OLs with bridges","Cso2.Conv_6.Org_2.Cell_1","Cso2.Conv_6.Org_2",17,1551.505
"Image2","Cso2","Conv_6","Org_2","Cell_1",86.3,"Regular",5,NA,"OLs with bridges","Cso2.Conv_6.Org_2.Cell_1","Cso2.Conv_6.Org_2",17,1551.505
"Image2","Cso2","Conv_6","Org_2","Cell_1",73.655,"Regular",6,NA,"OLs with bridges","Cso2.Conv_6.Org_2.Cell_1","Cso2.Conv_6.Org_2",17,1551.505
"Image2","Cso2","Conv_6","Org_2","Cell_1",93.606,"Anchored",7,NA,"OLs with bridges","Cso2.Conv_6.Org_2.Cell_1","Cso2.Conv_6.Org_2",17,1551.505
"Image2","Cso2","Conv_6","Org_2","Cell_1",16.233,"Bridged",8,10.712,"OLs with bridges","Cso2.Conv_6.Org_2.Cell_1","Cso2.Conv_6.Org_2",17,1551.505
"Image2","Cso2","Conv_6","Org_2","Cell_1",80.169,"Regular",9,NA,"OLs with bridges","Cso2.Conv_6.Org_2.Cell_1","Cso2.Conv_6.Org_2",17,1551.505
"Image2","Cso2","Conv_6","Org_2","Cell_1",110.236,"Regular",10,NA,"OLs with bridges","Cso2.Conv_6.Org_2.Cell_1","Cso2.Conv_6.Org_2",17,1551.505
"Image2","Cso2","Conv_6","Org_2","Cell_1",159.31,"Regular",11,NA,"OLs with bridges","Cso2.Conv_6.Org_2.Cell_1","Cso2.Conv_6.Org_2",17,1551.505
"Image2","Cso2","Conv_6","Org_2","Cell_1",159.916,"Regular",12,NA,"OLs with bridges","Cso2.Conv_6.Org_2.Cell_1","Cso2.Conv_6.Org_2",17,1551.505
"Image2","Cso2","Conv_6","Org_2","Cell_1",104.425,"Regular",13,NA,"OLs with bridges","Cso2.Conv_6.Org_2.Cell_1","Cso2.Conv_6.Org_2",17,1551.505
"Image2","Cso2","Conv_6","Org_2","Cell_1",63.464,"Regular",14,NA,"OLs with bridges","Cso2.Conv_6.Org_2.Cell_1","Cso2.Conv_6.Org_2",17,1551.505
"Image2","Cso2","Conv_6","Org_2","Cell_1",84.967,"Regular",15,NA,"OLs with bridges","Cso2.Conv_6.Org_2.Cell_1","Cso2.Conv_6.Org_2",17,1551.505
"Image2","Cso2","Conv_6","Org_2","Cell_1",13.232,"Regular",16,NA,"OLs with bridges","Cso2.Conv_6.Org_2.Cell_1","Cso2.Conv_6.Org_2",17,1551.505
"Image2","Cso2","Conv_6","Org_2","Cell_1",99.871,"Regular",17,NA,"OLs with bridges","Cso2.Conv_6.Org_2.Cell_1","Cso2.Conv_6.Org_2",17,1551.505
"Image2","Cso2","Conv_6","Org_2","Cell_2",92.239,"Regular",1,NA,"OLs without bridges","Cso2.Conv_6.Org_2.Cell_2","Cso2.Conv_6.Org_2",8,741.833
"Image2","Cso2","Conv_6","Org_2","Cell_2",52.973,"Regular",2,NA,"OLs without bridges","Cso2.Conv_6.Org_2.Cell_2","Cso2.Conv_6.Org_2",8,741.833
"Image2","Cso2","Conv_6","Org_2","Cell_2",127.827,"Regular",3,NA,"OLs without bridges","Cso2.Conv_6.Org_2.Cell_2","Cso2.Conv_6.Org_2",8,741.833
"Image2","Cso2","Conv_6","Org_2","Cell_2",165.689,"Regular",4,NA,"OLs without bridges","Cso2.Conv_6.Org_2.Cell_2","Cso2.Conv_6.Org_2",8,741.833
"Image2","Cso2","Conv_6","Org_2","Cell_2",86.849,"Regular",5,NA,"OLs without bridges","Cso2.Conv_6.Org_2.Cell_2","Cso2.Conv_6.Org_2",8,741.833
"Image2","Cso2","Conv_6","Org_2","Cell_2",103.9,"Regular",6,NA,"OLs without bridges","Cso2.Conv_6.Org_2.Cell_2","Cso2.Conv_6.Org_2",8,741.833
"Image2","Cso2","Conv_6","Org_2","Cell_2",68.77,"Regular",7,NA,"OLs without bridges","Cso2.Conv_6.Org_2.Cell_2","Cso2.Conv_6.Org_2",8,741.833
"Image2","Cso2","Conv_6","Org_2","Cell_2",43.586,"Regular",8,NA,"OLs without bridges","Cso2.Conv_6.Org_2.Cell_2","Cso2.Conv_6.Org_2",8,741.833
"Image2","Cso2","Conv_6","Org_2","Cell_3",129.659,"Regular",1,NA,"OLs without bridges","Cso2.Conv_6.Org_2.Cell_3","Cso2.Conv_6.Org_2",11,870.561
"Image2","Cso2","Conv_6","Org_2","Cell_3",124.278,"Regular",2,NA,"OLs without bridges","Cso2.Conv_6.Org_2.Cell_3","Cso2.Conv_6.Org_2",11,870.561
"Image2","Cso2","Conv_6","Org_2","Cell_3",50.918,"Regular",3,NA,"OLs without bridges","Cso2.Conv_6.Org_2.Cell_3","Cso2.Conv_6.Org_2",11,870.561
"Image2","Cso2","Conv_6","Org_2","Cell_3",81.32,"Regular",4,NA,"OLs without bridges","Cso2.Conv_6.Org_2.Cell_3","Cso2.Conv_6.Org_2",11,870.561
"Image2","Cso2","Conv_6","Org_2","Cell_3",49.425,"Regular",5,NA,"OLs without bridges","Cso2.Conv_6.Org_2.Cell_3","Cso2.Conv_6.Org_2",11,870.561
"Image2","Cso2","Conv_6","Org_2","Cell_3",54.797,"Regular",6,NA,"OLs without bridges","Cso2.Conv_6.Org_2.Cell_3","Cso2.Conv_6.Org_2",11,870.561
"Image2","Cso2","Conv_6","Org_2","Cell_3",54.206,"Regular",7,NA,"OLs without bridges","Cso2.Conv_6.Org_2.Cell_3","Cso2.Conv_6.Org_2",11,870.561
"Image2","Cso2","Conv_6","Org_2","Cell_3",125.797,"Regular",8,NA,"OLs without bridges","Cso2.Conv_6.Org_2.Cell_3","Cso2.Conv_6.Org_2",11,870.561
"Image2","Cso2","Conv_6","Org_2","Cell_3",71.839,"Regular",9,NA,"OLs without bridges","Cso2.Conv_6.Org_2.Cell_3","Cso2.Conv_6.Org_2",11,870.561
"Image2","Cso2","Conv_6","Org_2","Cell_3",57.052,"Regular",10,NA,"OLs without bridges","Cso2.Conv_6.Org_2.Cell_3","Cso2.Conv_6.Org_2",11,870.561
"Image2","Cso2","Conv_6","Org_2","Cell_3",71.27,"Regular",11,NA,"OLs without bridges","Cso2.Conv_6.Org_2.Cell_3","Cso2.Conv_6.Org_2",11,870.561
"Image2","Cso2","Conv_6","Org_2","Cell_4",92.509,"Regular",1,NA,"OLs with bridges","Cso2.Conv_6.Org_2.Cell_4","Cso2.Conv_6.Org_2",14,811.049
"Image2","Cso2","Conv_6","Org_2","Cell_4",42.837,"Regular",2,NA,"OLs with bridges","Cso2.Conv_6.Org_2.Cell_4","Cso2.Conv_6.Org_2",14,811.049
"Image2","Cso2","Conv_6","Org_2","Cell_4",51.835,"Regular",3,NA,"OLs with bridges","Cso2.Conv_6.Org_2.Cell_4","Cso2.Conv_6.Org_2",14,811.049
"Image2","Cso2","Conv_6","Org_2","Cell_4",64.295,"Regular",4,NA,"OLs with bridges","Cso2.Conv_6.Org_2.Cell_4","Cso2.Conv_6.Org_2",14,811.049
"Image2","Cso2","Conv_6","Org_2","Cell_4",83.316,"Anchored",5,NA,"OLs with bridges","Cso2.Conv_6.Org_2.Cell_4","Cso2.Conv_6.Org_2",14,811.049
"Image2","Cso2","Conv_6","Org_2","Cell_4",67.799,"Regular",6,NA,"OLs with bridges","Cso2.Conv_6.Org_2.Cell_4","Cso2.Conv_6.Org_2",14,811.049
"Image2","Cso2","Conv_6","Org_2","Cell_4",20.609,"Regular",7,NA,"OLs with bridges","Cso2.Conv_6.Org_2.Cell_4","Cso2.Conv_6.Org_2",14,811.049
"Image2","Cso2","Conv_6","Org_2","Cell_4",22.368,"Regular",8,NA,"OLs with bridges","Cso2.Conv_6.Org_2.Cell_4","Cso2.Conv_6.Org_2",14,811.049
"Image2","Cso2","Conv_6","Org_2","Cell_4",53.692,"Regular",9,NA,"OLs with bridges","Cso2.Conv_6.Org_2.Cell_4","Cso2.Conv_6.Org_2",14,811.049
"Image2","Cso2","Conv_6","Org_2","Cell_4",152.615,"Regular",10,NA,"OLs with bridges","Cso2.Conv_6.Org_2.Cell_4","Cso2.Conv_6.Org_2",14,811.049
"Image2","Cso2","Conv_6","Org_2","Cell_4",29.78,"Regular",11,NA,"OLs with bridges","Cso2.Conv_6.Org_2.Cell_4","Cso2.Conv_6.Org_2",14,811.049
"Image2","Cso2","Conv_6","Org_2","Cell_4",58.785,"Bridged_perpendicular",12,4.733,"OLs with bridges","Cso2.Conv_6.Org_2.Cell_4","Cso2.Conv_6.Org_2",14,811.049
"Image2","Cso2","Conv_6","Org_2","Cell_4",32.453,"Regular",13,NA,"OLs with bridges","Cso2.Conv_6.Org_2.Cell_4","Cso2.Conv_6.Org_2",14,811.049
"Image2","Cso2","Conv_6","Org_2","Cell_4",38.156,"Regular",14,NA,"OLs with bridges","Cso2.Conv_6.Org_2.Cell_4","Cso2.Conv_6.Org_2",14,811.049
"Image2","Cso2","Conv_6","Org_2","Cell_5",107.075,"Regular",1,NA,"OLs without bridges","Cso2.Conv_6.Org_2.Cell_5","Cso2.Conv_6.Org_2",13,945.046
"Image2","Cso2","Conv_6","Org_2","Cell_5",82.991,"Regular",2,NA,"OLs without bridges","Cso2.Conv_6.Org_2.Cell_5","Cso2.Conv_6.Org_2",13,945.046
"Image2","Cso2","Conv_6","Org_2","Cell_5",132.695,"Regular",3,NA,"OLs without bridges","Cso2.Conv_6.Org_2.Cell_5","Cso2.Conv_6.Org_2",13,945.046
"Image2","Cso2","Conv_6","Org_2","Cell_5",27.489,"Regular",4,NA,"OLs without bridges","Cso2.Conv_6.Org_2.Cell_5","Cso2.Conv_6.Org_2",13,945.046
"Image2","Cso2","Conv_6","Org_2","Cell_5",144.95,"Regular",5,NA,"OLs without bridges","Cso2.Conv_6.Org_2.Cell_5","Cso2.Conv_6.Org_2",13,945.046
"Image2","Cso2","Conv_6","Org_2","Cell_5",146.914,"Regular",6,NA,"OLs without bridges","Cso2.Conv_6.Org_2.Cell_5","Cso2.Conv_6.Org_2",13,945.046
"Image2","Cso2","Conv_6","Org_2","Cell_5",24.304,"Regular",7,NA,"OLs without bridges","Cso2.Conv_6.Org_2.Cell_5","Cso2.Conv_6.Org_2",13,945.046
"Image2","Cso2","Conv_6","Org_2","Cell_5",106.187,"Regular",8,NA,"OLs without bridges","Cso2.Conv_6.Org_2.Cell_5","Cso2.Conv_6.Org_2",13,945.046
"Image2","Cso2","Conv_6","Org_2","Cell_5",82.378,"Regular",9,NA,"OLs without bridges","Cso2.Conv_6.Org_2.Cell_5","Cso2.Conv_6.Org_2",13,945.046
"Image2","Cso2","Conv_6","Org_2","Cell_5",22.46,"Regular",10,NA,"OLs without bridges","Cso2.Conv_6.Org_2.Cell_5","Cso2.Conv_6.Org_2",13,945.046
"Image2","Cso2","Conv_6","Org_2","Cell_5",34.68,"Regular",11,NA,"OLs without bridges","Cso2.Conv_6.Org_2.Cell_5","Cso2.Conv_6.Org_2",13,945.046
"Image2","Cso2","Conv_6","Org_2","Cell_5",16.169,"Regular",12,NA,"OLs without bridges","Cso2.Conv_6.Org_2.Cell_5","Cso2.Conv_6.Org_2",13,945.046
"Image2","Cso2","Conv_6","Org_2","Cell_5",16.754,"Regular",13,NA,"OLs without bridges","Cso2.Conv_6.Org_2.Cell_5","Cso2.Conv_6.Org_2",13,945.046
"Image2","Cso2","Conv_6","Org_2","Cell_6",89.382,"Regular",1,NA,"OLs with bridges","Cso2.Conv_6.Org_2.Cell_6","Cso2.Conv_6.Org_2",13,1146.526
"Image2","Cso2","Conv_6","Org_2","Cell_6",77.709,"Regular",2,NA,"OLs with bridges","Cso2.Conv_6.Org_2.Cell_6","Cso2.Conv_6.Org_2",13,1146.526
"Image2","Cso2","Conv_6","Org_2","Cell_6",126.992,"Regular",3,NA,"OLs with bridges","Cso2.Conv_6.Org_2.Cell_6","Cso2.Conv_6.Org_2",13,1146.526
"Image2","Cso2","Conv_6","Org_2","Cell_6",105.808,"Regular",4,NA,"OLs with bridges","Cso2.Conv_6.Org_2.Cell_6","Cso2.Conv_6.Org_2",13,1146.526
"Image2","Cso2","Conv_6","Org_2","Cell_6",71.496,"Regular",5,NA,"OLs with bridges","Cso2.Conv_6.Org_2.Cell_6","Cso2.Conv_6.Org_2",13,1146.526
"Image2","Cso2","Conv_6","Org_2","Cell_6",145.662,"Regular",6,NA,"OLs with bridges","Cso2.Conv_6.Org_2.Cell_6","Cso2.Conv_6.Org_2",13,1146.526
"Image2","Cso2","Conv_6","Org_2","Cell_6",74.031,"Regular",7,NA,"OLs with bridges","Cso2.Conv_6.Org_2.Cell_6","Cso2.Conv_6.Org_2",13,1146.526
"Image2","Cso2","Conv_6","Org_2","Cell_6",56.795,"Regular",8,NA,"OLs with bridges","Cso2.Conv_6.Org_2.Cell_6","Cso2.Conv_6.Org_2",13,1146.526
"Image2","Cso2","Conv_6","Org_2","Cell_6",79.127,"Regular",9,NA,"OLs with bridges","Cso2.Conv_6.Org_2.Cell_6","Cso2.Conv_6.Org_2",13,1146.526
"Image2","Cso2","Conv_6","Org_2","Cell_6",20.737,"Regular",10,NA,"OLs with bridges","Cso2.Conv_6.Org_2.Cell_6","Cso2.Conv_6.Org_2",13,1146.526
"Image2","Cso2","Conv_6","Org_2","Cell_6",77.725,"Regular",11,NA,"OLs with bridges","Cso2.Conv_6.Org_2.Cell_6","Cso2.Conv_6.Org_2",13,1146.526
"Image2","Cso2","Conv_6","Org_2","Cell_6",118.764,"Anchored",12,NA,"OLs with bridges","Cso2.Conv_6.Org_2.Cell_6","Cso2.Conv_6.Org_2",13,1146.526
"Image2","Cso2","Conv_6","Org_2","Cell_6",102.298,"Bridged",13,1.405,"OLs with bridges","Cso2.Conv_6.Org_2.Cell_6","Cso2.Conv_6.Org_2",13,1146.526
"Image7","Cso2","Conv_6","Org_3","Cell_1",53.952,"Regular",1,NA,"OLs without bridges","Cso2.Conv_6.Org_3.Cell_1","Cso2.Conv_6.Org_3",8,1030.546
"Image7","Cso2","Conv_6","Org_3","Cell_1",146.366,"Regular",2,NA,"OLs without bridges","Cso2.Conv_6.Org_3.Cell_1","Cso2.Conv_6.Org_3",8,1030.546
"Image7","Cso2","Conv_6","Org_3","Cell_1",89.134,"Regular",3,NA,"OLs without bridges","Cso2.Conv_6.Org_3.Cell_1","Cso2.Conv_6.Org_3",8,1030.546
"Image7","Cso2","Conv_6","Org_3","Cell_1",103.404,"Regular",4,NA,"OLs without bridges","Cso2.Conv_6.Org_3.Cell_1","Cso2.Conv_6.Org_3",8,1030.546
"Image7","Cso2","Conv_6","Org_3","Cell_1",120.9,"Regular",5,NA,"OLs without bridges","Cso2.Conv_6.Org_3.Cell_1","Cso2.Conv_6.Org_3",8,1030.546
"Image7","Cso2","Conv_6","Org_3","Cell_1",81.64,"Regular",6,NA,"OLs without bridges","Cso2.Conv_6.Org_3.Cell_1","Cso2.Conv_6.Org_3",8,1030.546
"Image7","Cso2","Conv_6","Org_3","Cell_1",195.635,"Regular",7,NA,"OLs without bridges","Cso2.Conv_6.Org_3.Cell_1","Cso2.Conv_6.Org_3",8,1030.546
"Image7","Cso2","Conv_6","Org_3","Cell_1",239.515,"Regular",8,NA,"OLs without bridges","Cso2.Conv_6.Org_3.Cell_1","Cso2.Conv_6.Org_3",8,1030.546
"Image7","Cso2","Conv_6","Org_3","Cell_2",102.681,"Regular",1,NA,"OLs without bridges","Cso2.Conv_6.Org_3.Cell_2","Cso2.Conv_6.Org_3",5,621.134
"Image7","Cso2","Conv_6","Org_3","Cell_2",101.151,"Regular",2,NA,"OLs without bridges","Cso2.Conv_6.Org_3.Cell_2","Cso2.Conv_6.Org_3",5,621.134
"Image7","Cso2","Conv_6","Org_3","Cell_2",84.201,"Regular",3,NA,"OLs without bridges","Cso2.Conv_6.Org_3.Cell_2","Cso2.Conv_6.Org_3",5,621.134
"Image7","Cso2","Conv_6","Org_3","Cell_2",134.04,"Regular",4,NA,"OLs without bridges","Cso2.Conv_6.Org_3.Cell_2","Cso2.Conv_6.Org_3",5,621.134
"Image7","Cso2","Conv_6","Org_3","Cell_2",199.061,"Regular",5,NA,"OLs without bridges","Cso2.Conv_6.Org_3.Cell_2","Cso2.Conv_6.Org_3",5,621.134
"Image7","Cso2","Conv_6","Org_3","Cell_3",278.642,"Regular",1,NA,"OLs with bridges","Cso2.Conv_6.Org_3.Cell_3","Cso2.Conv_6.Org_3",13,1925.527
"Image7","Cso2","Conv_6","Org_3","Cell_3",128.98,"Regular",2,NA,"OLs with bridges","Cso2.Conv_6.Org_3.Cell_3","Cso2.Conv_6.Org_3",13,1925.527
"Image7","Cso2","Conv_6","Org_3","Cell_3",174.51,"Regular",3,NA,"OLs with bridges","Cso2.Conv_6.Org_3.Cell_3","Cso2.Conv_6.Org_3",13,1925.527
"Image7","Cso2","Conv_6","Org_3","Cell_3",15.406,"Regular",4,NA,"OLs with bridges","Cso2.Conv_6.Org_3.Cell_3","Cso2.Conv_6.Org_3",13,1925.527
"Image7","Cso2","Conv_6","Org_3","Cell_3",143.02,"Regular",5,NA,"OLs with bridges","Cso2.Conv_6.Org_3.Cell_3","Cso2.Conv_6.Org_3",13,1925.527
"Image7","Cso2","Conv_6","Org_3","Cell_3",159.075,"Regular",6,NA,"OLs with bridges","Cso2.Conv_6.Org_3.Cell_3","Cso2.Conv_6.Org_3",13,1925.527
"Image7","Cso2","Conv_6","Org_3","Cell_3",180.741,"Regular",7,NA,"OLs with bridges","Cso2.Conv_6.Org_3.Cell_3","Cso2.Conv_6.Org_3",13,1925.527
"Image7","Cso2","Conv_6","Org_3","Cell_3",135.117,"Anchored",8,NA,"OLs with bridges","Cso2.Conv_6.Org_3.Cell_3","Cso2.Conv_6.Org_3",13,1925.527
"Image7","Cso2","Conv_6","Org_3","Cell_3",189.435,"Bridged",9,7.145,"OLs with bridges","Cso2.Conv_6.Org_3.Cell_3","Cso2.Conv_6.Org_3",13,1925.527
"Image7","Cso2","Conv_6","Org_3","Cell_3",73.33,"Regular",10,NA,"OLs with bridges","Cso2.Conv_6.Org_3.Cell_3","Cso2.Conv_6.Org_3",13,1925.527
"Image7","Cso2","Conv_6","Org_3","Cell_3",179.799,"Regular",11,NA,"OLs with bridges","Cso2.Conv_6.Org_3.Cell_3","Cso2.Conv_6.Org_3",13,1925.527
"Image7","Cso2","Conv_6","Org_3","Cell_3",107.337,"Anchored",12,NA,"OLs with bridges","Cso2.Conv_6.Org_3.Cell_3","Cso2.Conv_6.Org_3",13,1925.527
"Image7","Cso2","Conv_6","Org_3","Cell_3",160.135,"Bridged",13,3.328,"OLs with bridges","Cso2.Conv_6.Org_3.Cell_3","Cso2.Conv_6.Org_3",13,1925.527
"Image7","Cso2","Conv_6","Org_3","Cell_4",269.64,"Regular",1,NA,"OLs with bridges","Cso2.Conv_6.Org_3.Cell_4","Cso2.Conv_6.Org_3",7,1006.091
"Image7","Cso2","Conv_6","Org_3","Cell_4",129.566,"Regular",2,NA,"OLs with bridges","Cso2.Conv_6.Org_3.Cell_4","Cso2.Conv_6.Org_3",7,1006.091
"Image7","Cso2","Conv_6","Org_3","Cell_4",88.253,"Anchored",3,NA,"OLs with bridges","Cso2.Conv_6.Org_3.Cell_4","Cso2.Conv_6.Org_3",7,1006.091
"Image7","Cso2","Conv_6","Org_3","Cell_4",80.999,"Bridged",4,3.258,"OLs with bridges","Cso2.Conv_6.Org_3.Cell_4","Cso2.Conv_6.Org_3",7,1006.091
"Image7","Cso2","Conv_6","Org_3","Cell_4",68.421,"Regular",5,NA,"OLs with bridges","Cso2.Conv_6.Org_3.Cell_4","Cso2.Conv_6.Org_3",7,1006.091
"Image7","Cso2","Conv_6","Org_3","Cell_4",164.045,"Regular",6,NA,"OLs with bridges","Cso2.Conv_6.Org_3.Cell_4","Cso2.Conv_6.Org_3",7,1006.091
"Image7","Cso2","Conv_6","Org_3","Cell_4",205.167,"Regular",7,NA,"OLs with bridges","Cso2.Conv_6.Org_3.Cell_4","Cso2.Conv_6.Org_3",7,1006.091
"Image7","Cso2","Conv_6","Org_3","Cell_5",206.485,"Regular",1,NA,"OLs without bridges","Cso2.Conv_6.Org_3.Cell_5","Cso2.Conv_6.Org_3",8,1224.878
"Image7","Cso2","Conv_6","Org_3","Cell_5",127.715,"Regular",2,NA,"OLs without bridges","Cso2.Conv_6.Org_3.Cell_5","Cso2.Conv_6.Org_3",8,1224.878
"Image7","Cso2","Conv_6","Org_3","Cell_5",120.839,"Regular",3,NA,"OLs without bridges","Cso2.Conv_6.Org_3.Cell_5","Cso2.Conv_6.Org_3",8,1224.878
"Image7","Cso2","Conv_6","Org_3","Cell_5",139.488,"Regular",4,NA,"OLs without bridges","Cso2.Conv_6.Org_3.Cell_5","Cso2.Conv_6.Org_3",8,1224.878
"Image7","Cso2","Conv_6","Org_3","Cell_5",97.121,"Regular",5,NA,"OLs without bridges","Cso2.Conv_6.Org_3.Cell_5","Cso2.Conv_6.Org_3",8,1224.878
"Image7","Cso2","Conv_6","Org_3","Cell_5",183.2,"Regular",6,NA,"OLs without bridges","Cso2.Conv_6.Org_3.Cell_5","Cso2.Conv_6.Org_3",8,1224.878
"Image7","Cso2","Conv_6","Org_3","Cell_5",149.378,"Regular",7,NA,"OLs without bridges","Cso2.Conv_6.Org_3.Cell_5","Cso2.Conv_6.Org_3",8,1224.878
"Image7","Cso2","Conv_6","Org_3","Cell_5",200.652,"Regular",8,NA,"OLs without bridges","Cso2.Conv_6.Org_3.Cell_5","Cso2.Conv_6.Org_3",8,1224.878
"Image7","Cso2","Conv_6","Org_3","Cell_6",176.624,"Regular",1,NA,"OLs with bridges","Cso2.Conv_6.Org_3.Cell_6","Cso2.Conv_6.Org_3",14,1255.85
"Image7","Cso2","Conv_6","Org_3","Cell_6",117.27,"Regular",2,NA,"OLs with bridges","Cso2.Conv_6.Org_3.Cell_6","Cso2.Conv_6.Org_3",14,1255.85
"Image7","Cso2","Conv_6","Org_3","Cell_6",88.18,"Regular",3,NA,"OLs with bridges","Cso2.Conv_6.Org_3.Cell_6","Cso2.Conv_6.Org_3",14,1255.85
"Image7","Cso2","Conv_6","Org_3","Cell_6",86.412,"Anchored",4,NA,"OLs with bridges","Cso2.Conv_6.Org_3.Cell_6","Cso2.Conv_6.Org_3",14,1255.85
"Image7","Cso2","Conv_6","Org_3","Cell_6",16.965,"Bridged",5,6.416,"OLs with bridges","Cso2.Conv_6.Org_3.Cell_6","Cso2.Conv_6.Org_3",14,1255.85
"Image7","Cso2","Conv_6","Org_3","Cell_6",162.628,"Regular",6,NA,"OLs with bridges","Cso2.Conv_6.Org_3.Cell_6","Cso2.Conv_6.Org_3",14,1255.85
"Image7","Cso2","Conv_6","Org_3","Cell_6",100.325,"Regular",7,NA,"OLs with bridges","Cso2.Conv_6.Org_3.Cell_6","Cso2.Conv_6.Org_3",14,1255.85
"Image7","Cso2","Conv_6","Org_3","Cell_6",99.02,"Anchored",8,NA,"OLs with bridges","Cso2.Conv_6.Org_3.Cell_6","Cso2.Conv_6.Org_3",14,1255.85
"Image7","Cso2","Conv_6","Org_3","Cell_6",50.497,"Bridged",9,8.899,"OLs with bridges","Cso2.Conv_6.Org_3.Cell_6","Cso2.Conv_6.Org_3",14,1255.85
"Image7","Cso2","Conv_6","Org_3","Cell_6",127.815,"Regular",10,NA,"OLs with bridges","Cso2.Conv_6.Org_3.Cell_6","Cso2.Conv_6.Org_3",14,1255.85
"Image7","Cso2","Conv_6","Org_3","Cell_6",57.084,"Regular",11,NA,"OLs with bridges","Cso2.Conv_6.Org_3.Cell_6","Cso2.Conv_6.Org_3",14,1255.85
"Image7","Cso2","Conv_6","Org_3","Cell_6",78.548,"Regular",12,NA,"OLs with bridges","Cso2.Conv_6.Org_3.Cell_6","Cso2.Conv_6.Org_3",14,1255.85
"Image7","Cso2","Conv_6","Org_3","Cell_6",45.209,"Anchored",13,NA,"OLs with bridges","Cso2.Conv_6.Org_3.Cell_6","Cso2.Conv_6.Org_3",14,1255.85
"Image7","Cso2","Conv_6","Org_3","Cell_6",49.273,"Bridged",14,1.924,"OLs with bridges","Cso2.Conv_6.Org_3.Cell_6","Cso2.Conv_6.Org_3",14,1255.85
"Image8","Cso2","Conv_6","Org_4","Cell_1",181.075,"Anchored",1,NA,"OLs with bridges","Cso2.Conv_6.Org_4.Cell_1","Cso2.Conv_6.Org_4",6,886.87
"Image8","Cso2","Conv_6","Org_4","Cell_1",84.387,"Bridged",2,6.371,"OLs with bridges","Cso2.Conv_6.Org_4.Cell_1","Cso2.Conv_6.Org_4",6,886.87
"Image8","Cso2","Conv_6","Org_4","Cell_1",181.636,"Regular",3,NA,"OLs with bridges","Cso2.Conv_6.Org_4.Cell_1","Cso2.Conv_6.Org_4",6,886.87
"Image8","Cso2","Conv_6","Org_4","Cell_1",151.918,"Regular",4,NA,"OLs with bridges","Cso2.Conv_6.Org_4.Cell_1","Cso2.Conv_6.Org_4",6,886.87
"Image8","Cso2","Conv_6","Org_4","Cell_1",136.137,"Regular",5,NA,"OLs with bridges","Cso2.Conv_6.Org_4.Cell_1","Cso2.Conv_6.Org_4",6,886.87
"Image8","Cso2","Conv_6","Org_4","Cell_1",151.717,"Regular",6,NA,"OLs with bridges","Cso2.Conv_6.Org_4.Cell_1","Cso2.Conv_6.Org_4",6,886.87
"Image9","Cso2","Conv_6","Org_4","Cell_6",147.46,"Regular",1,NA,"OLs with bridges","Cso2.Conv_6.Org_4.Cell_6","Cso2.Conv_6.Org_4",8,966.346
"Image9","Cso2","Conv_6","Org_4","Cell_6",149.883,"Regular",2,NA,"OLs with bridges","Cso2.Conv_6.Org_4.Cell_6","Cso2.Conv_6.Org_4",8,966.346
"Image9","Cso2","Conv_6","Org_4","Cell_6",126.73,"Regular",3,NA,"OLs with bridges","Cso2.Conv_6.Org_4.Cell_6","Cso2.Conv_6.Org_4",8,966.346
"Image9","Cso2","Conv_6","Org_4","Cell_6",123.889,"Anchored",4,NA,"OLs with bridges","Cso2.Conv_6.Org_4.Cell_6","Cso2.Conv_6.Org_4",8,966.346
"Image9","Cso2","Conv_6","Org_4","Cell_6",32.309,"Bridged",5,1.62,"OLs with bridges","Cso2.Conv_6.Org_4.Cell_6","Cso2.Conv_6.Org_4",8,966.346
"Image9","Cso2","Conv_6","Org_4","Cell_6",100.98,"Bridged",6,1.62,"OLs with bridges","Cso2.Conv_6.Org_4.Cell_6","Cso2.Conv_6.Org_4",8,966.346
"Image9","Cso2","Conv_6","Org_4","Cell_6",119.24,"Regular",7,NA,"OLs with bridges","Cso2.Conv_6.Org_4.Cell_6","Cso2.Conv_6.Org_4",8,966.346
"Image9","Cso2","Conv_6","Org_4","Cell_6",165.855,"Regular",8,NA,"OLs with bridges","Cso2.Conv_6.Org_4.Cell_6","Cso2.Conv_6.Org_4",8,966.346
"Image9","Cso2","Conv_6","Org_4","Cell_2",163.335,"Anchored",1,NA,"OLs with bridges","Cso2.Conv_6.Org_4.Cell_2","Cso2.Conv_6.Org_4",7,730.47
"Image9","Cso2","Conv_6","Org_4","Cell_2",40.558,"Bridged",2,3.284,"OLs with bridges","Cso2.Conv_6.Org_4.Cell_2","Cso2.Conv_6.Org_4",7,730.47
"Image9","Cso2","Conv_6","Org_4","Cell_2",134.331,"Regular",3,NA,"OLs with bridges","Cso2.Conv_6.Org_4.Cell_2","Cso2.Conv_6.Org_4",7,730.47
"Image9","Cso2","Conv_6","Org_4","Cell_2",54.665,"Regular",4,NA,"OLs with bridges","Cso2.Conv_6.Org_4.Cell_2","Cso2.Conv_6.Org_4",7,730.47
"Image9","Cso2","Conv_6","Org_4","Cell_2",209.442,"Regular",5,NA,"OLs with bridges","Cso2.Conv_6.Org_4.Cell_2","Cso2.Conv_6.Org_4",7,730.47
"Image9","Cso2","Conv_6","Org_4","Cell_2",113.085,"Regular",6,NA,"OLs with bridges","Cso2.Conv_6.Org_4.Cell_2","Cso2.Conv_6.Org_4",7,730.47
"Image9","Cso2","Conv_6","Org_4","Cell_2",15.054,"Regular",7,NA,"OLs with bridges","Cso2.Conv_6.Org_4.Cell_2","Cso2.Conv_6.Org_4",7,730.47
"Image9","Cso2","Conv_6","Org_4","Cell_3",110.608,"Regular",1,NA,"OLs without bridges","Cso2.Conv_6.Org_4.Cell_3","Cso2.Conv_6.Org_4",11,1502.755
"Image9","Cso2","Conv_6","Org_4","Cell_3",158.049,"Regular",2,NA,"OLs without bridges","Cso2.Conv_6.Org_4.Cell_3","Cso2.Conv_6.Org_4",11,1502.755
"Image9","Cso2","Conv_6","Org_4","Cell_3",83,"Regular",3,NA,"OLs without bridges","Cso2.Conv_6.Org_4.Cell_3","Cso2.Conv_6.Org_4",11,1502.755
"Image9","Cso2","Conv_6","Org_4","Cell_3",225.363,"Regular",4,NA,"OLs without bridges","Cso2.Conv_6.Org_4.Cell_3","Cso2.Conv_6.Org_4",11,1502.755
"Image9","Cso2","Conv_6","Org_4","Cell_3",115.052,"Regular",5,NA,"OLs without bridges","Cso2.Conv_6.Org_4.Cell_3","Cso2.Conv_6.Org_4",11,1502.755
"Image9","Cso2","Conv_6","Org_4","Cell_3",159.138,"Regular",6,NA,"OLs without bridges","Cso2.Conv_6.Org_4.Cell_3","Cso2.Conv_6.Org_4",11,1502.755
"Image9","Cso2","Conv_6","Org_4","Cell_3",261.475,"Regular",7,NA,"OLs without bridges","Cso2.Conv_6.Org_4.Cell_3","Cso2.Conv_6.Org_4",11,1502.755
"Image9","Cso2","Conv_6","Org_4","Cell_3",161.036,"Regular",8,NA,"OLs without bridges","Cso2.Conv_6.Org_4.Cell_3","Cso2.Conv_6.Org_4",11,1502.755
"Image9","Cso2","Conv_6","Org_4","Cell_3",91.407,"Regular",9,NA,"OLs without bridges","Cso2.Conv_6.Org_4.Cell_3","Cso2.Conv_6.Org_4",11,1502.755
"Image9","Cso2","Conv_6","Org_4","Cell_3",123.411,"Regular",10,NA,"OLs without bridges","Cso2.Conv_6.Org_4.Cell_3","Cso2.Conv_6.Org_4",11,1502.755
"Image9","Cso2","Conv_6","Org_4","Cell_3",14.216,"Regular",11,NA,"OLs without bridges","Cso2.Conv_6.Org_4.Cell_3","Cso2.Conv_6.Org_4",11,1502.755
"Image9","Cso2","Conv_6","Org_4","Cell_4",186.107,"Regular",1,NA,"OLs with bridges","Cso2.Conv_6.Org_4.Cell_4","Cso2.Conv_6.Org_4",8,1187.714
"Image9","Cso2","Conv_6","Org_4","Cell_4",130.618,"Regular",2,NA,"OLs with bridges","Cso2.Conv_6.Org_4.Cell_4","Cso2.Conv_6.Org_4",8,1187.714
"Image9","Cso2","Conv_6","Org_4","Cell_4",238.745,"Regular",3,NA,"OLs with bridges","Cso2.Conv_6.Org_4.Cell_4","Cso2.Conv_6.Org_4",8,1187.714
"Image9","Cso2","Conv_6","Org_4","Cell_4",152.293,"Regular",4,NA,"OLs with bridges","Cso2.Conv_6.Org_4.Cell_4","Cso2.Conv_6.Org_4",8,1187.714
"Image9","Cso2","Conv_6","Org_4","Cell_4",230.402,"Regular",5,NA,"OLs with bridges","Cso2.Conv_6.Org_4.Cell_4","Cso2.Conv_6.Org_4",8,1187.714
"Image9","Cso2","Conv_6","Org_4","Cell_4",154.011,"Anchored",6,NA,"OLs with bridges","Cso2.Conv_6.Org_4.Cell_4","Cso2.Conv_6.Org_4",8,1187.714
"Image9","Cso2","Conv_6","Org_4","Cell_4",38.038,"Bridged",7,21.324,"OLs with bridges","Cso2.Conv_6.Org_4.Cell_4","Cso2.Conv_6.Org_4",8,1187.714
"Image9","Cso2","Conv_6","Org_4","Cell_4",57.5,"Regular",8,NA,"OLs with bridges","Cso2.Conv_6.Org_4.Cell_4","Cso2.Conv_6.Org_4",8,1187.714
"Image9","Cso2","Conv_6","Org_4","Cell_5",197.552,"Regular",1,NA,"OLs without bridges","Cso2.Conv_6.Org_4.Cell_5","Cso2.Conv_6.Org_4",9,1202.686
"Image9","Cso2","Conv_6","Org_4","Cell_5",72.246,"Regular",2,NA,"OLs without bridges","Cso2.Conv_6.Org_4.Cell_5","Cso2.Conv_6.Org_4",9,1202.686
"Image9","Cso2","Conv_6","Org_4","Cell_5",142.212,"Regular",3,NA,"OLs without bridges","Cso2.Conv_6.Org_4.Cell_5","Cso2.Conv_6.Org_4",9,1202.686
"Image9","Cso2","Conv_6","Org_4","Cell_5",177.87,"Regular",4,NA,"OLs without bridges","Cso2.Conv_6.Org_4.Cell_5","Cso2.Conv_6.Org_4",9,1202.686
"Image9","Cso2","Conv_6","Org_4","Cell_5",141.119,"Regular",5,NA,"OLs without bridges","Cso2.Conv_6.Org_4.Cell_5","Cso2.Conv_6.Org_4",9,1202.686
"Image9","Cso2","Conv_6","Org_4","Cell_5",155.471,"Anchored",6,NA,"OLs without bridges","Cso2.Conv_6.Org_4.Cell_5","Cso2.Conv_6.Org_4",9,1202.686
"Image9","Cso2","Conv_6","Org_4","Cell_5",116.018,"Bridged",7,NA,"OLs without bridges","Cso2.Conv_6.Org_4.Cell_5","Cso2.Conv_6.Org_4",9,1202.686
"Image9","Cso2","Conv_6","Org_4","Cell_5",22.91,"Regular",8,NA,"OLs without bridges","Cso2.Conv_6.Org_4.Cell_5","Cso2.Conv_6.Org_4",9,1202.686
"Image9","Cso2","Conv_6","Org_4","Cell_5",177.288,"Regular",9,NA,"OLs without bridges","Cso2.Conv_6.Org_4.Cell_5","Cso2.Conv_6.Org_4",9,1202.686
"Image21","Cso2","Conv_7","Org_1","Cell_1",223.138,"Anchored",1,NA,"OLs with bridges","Cso2.Conv_7.Org_1.Cell_1","Cso2.Conv_7.Org_1",8,802.699
"Image21","Cso2","Conv_7","Org_1","Cell_1",17.771,"Bridged",2,18.812,"OLs with bridges","Cso2.Conv_7.Org_1.Cell_1","Cso2.Conv_7.Org_1",8,802.699
"Image21","Cso2","Conv_7","Org_1","Cell_1",31.919,"Regular",3,NA,"OLs with bridges","Cso2.Conv_7.Org_1.Cell_1","Cso2.Conv_7.Org_1",8,802.699
"Image21","Cso2","Conv_7","Org_1","Cell_1",140.405,"Regular",4,NA,"OLs with bridges","Cso2.Conv_7.Org_1.Cell_1","Cso2.Conv_7.Org_1",8,802.699
"Image21","Cso2","Conv_7","Org_1","Cell_1",121.57,"Regular",5,NA,"OLs with bridges","Cso2.Conv_7.Org_1.Cell_1","Cso2.Conv_7.Org_1",8,802.699
"Image21","Cso2","Conv_7","Org_1","Cell_1",159.945,"Anchored",6,NA,"OLs with bridges","Cso2.Conv_7.Org_1.Cell_1","Cso2.Conv_7.Org_1",8,802.699
"Image21","Cso2","Conv_7","Org_1","Cell_1",46.816,"Bridged",7,12.966,"OLs with bridges","Cso2.Conv_7.Org_1.Cell_1","Cso2.Conv_7.Org_1",8,802.699
"Image21","Cso2","Conv_7","Org_1","Cell_1",61.135,"Bridged",8,6.769,"OLs with bridges","Cso2.Conv_7.Org_1.Cell_1","Cso2.Conv_7.Org_1",8,802.699
"Image10","Cso2","Conv_7","Org_1","Cell_2",52.493,"Regular",1,NA,"OLs with bridges","Cso2.Conv_7.Org_1.Cell_2","Cso2.Conv_7.Org_1",20,1471.187
"Image10","Cso2","Conv_7","Org_1","Cell_2",80.859,"Regular",2,NA,"OLs with bridges","Cso2.Conv_7.Org_1.Cell_2","Cso2.Conv_7.Org_1",20,1471.187
"Image10","Cso2","Conv_7","Org_1","Cell_2",58.356,"Regular",3,NA,"OLs with bridges","Cso2.Conv_7.Org_1.Cell_2","Cso2.Conv_7.Org_1",20,1471.187
"Image10","Cso2","Conv_7","Org_1","Cell_2",60.283,"Regular",4,NA,"OLs with bridges","Cso2.Conv_7.Org_1.Cell_2","Cso2.Conv_7.Org_1",20,1471.187
"Image10","Cso2","Conv_7","Org_1","Cell_2",68.715,"Regular",5,NA,"OLs with bridges","Cso2.Conv_7.Org_1.Cell_2","Cso2.Conv_7.Org_1",20,1471.187
"Image10","Cso2","Conv_7","Org_1","Cell_2",127.439,"Regular",6,NA,"OLs with bridges","Cso2.Conv_7.Org_1.Cell_2","Cso2.Conv_7.Org_1",20,1471.187
"Image10","Cso2","Conv_7","Org_1","Cell_2",29.343,"Bridged",7,31.521,"OLs with bridges","Cso2.Conv_7.Org_1.Cell_2","Cso2.Conv_7.Org_1",20,1471.187
"Image10","Cso2","Conv_7","Org_1","Cell_2",115.298,"Regular",8,NA,"OLs with bridges","Cso2.Conv_7.Org_1.Cell_2","Cso2.Conv_7.Org_1",20,1471.187
"Image10","Cso2","Conv_7","Org_1","Cell_2",95.824,"Regular",9,NA,"OLs with bridges","Cso2.Conv_7.Org_1.Cell_2","Cso2.Conv_7.Org_1",20,1471.187
"Image10","Cso2","Conv_7","Org_1","Cell_2",71.213,"Regular",10,NA,"OLs with bridges","Cso2.Conv_7.Org_1.Cell_2","Cso2.Conv_7.Org_1",20,1471.187
"Image10","Cso2","Conv_7","Org_1","Cell_2",93.322,"Anchored",11,NA,"OLs with bridges","Cso2.Conv_7.Org_1.Cell_2","Cso2.Conv_7.Org_1",20,1471.187
"Image10","Cso2","Conv_7","Org_1","Cell_2",87.732,"Regular",12,NA,"OLs with bridges","Cso2.Conv_7.Org_1.Cell_2","Cso2.Conv_7.Org_1",20,1471.187
"Image10","Cso2","Conv_7","Org_1","Cell_2",114.445,"Regular",13,NA,"OLs with bridges","Cso2.Conv_7.Org_1.Cell_2","Cso2.Conv_7.Org_1",20,1471.187
"Image10","Cso2","Conv_7","Org_1","Cell_2",102.415,"Bridged",14,1.344,"OLs with bridges","Cso2.Conv_7.Org_1.Cell_2","Cso2.Conv_7.Org_1",20,1471.187
"Image10","Cso2","Conv_7","Org_1","Cell_2",52.603,"Anchored",15,NA,"OLs with bridges","Cso2.Conv_7.Org_1.Cell_2","Cso2.Conv_7.Org_1",20,1471.187
"Image10","Cso2","Conv_7","Org_1","Cell_2",51.513,"Anchored",16,NA,"OLs with bridges","Cso2.Conv_7.Org_1.Cell_2","Cso2.Conv_7.Org_1",20,1471.187
"Image10","Cso2","Conv_7","Org_1","Cell_2",80.912,"Bridged",17,0.787,"OLs with bridges","Cso2.Conv_7.Org_1.Cell_2","Cso2.Conv_7.Org_1",20,1471.187
"Image10","Cso2","Conv_7","Org_1","Cell_2",55.876,"Regular",18,NA,"OLs with bridges","Cso2.Conv_7.Org_1.Cell_2","Cso2.Conv_7.Org_1",20,1471.187
"Image10","Cso2","Conv_7","Org_1","Cell_2",41.079,"Regular",19,NA,"OLs with bridges","Cso2.Conv_7.Org_1.Cell_2","Cso2.Conv_7.Org_1",20,1471.187
"Image10","Cso2","Conv_7","Org_1","Cell_2",31.467,"Regular",20,NA,"OLs with bridges","Cso2.Conv_7.Org_1.Cell_2","Cso2.Conv_7.Org_1",20,1471.187
"Image23","Cso2","Conv_7","Org_1","Cell_3",214.345,"Anchored",1,NA,"OLs with bridges","Cso2.Conv_7.Org_1.Cell_3","Cso2.Conv_7.Org_1",7,528.434
"Image23","Cso2","Conv_7","Org_1","Cell_3",49.687,"Bridged",2,1.687,"OLs with bridges","Cso2.Conv_7.Org_1.Cell_3","Cso2.Conv_7.Org_1",7,528.434
"Image23","Cso2","Conv_7","Org_1","Cell_3",61.564,"Regular",3,NA,"OLs with bridges","Cso2.Conv_7.Org_1.Cell_3","Cso2.Conv_7.Org_1",7,528.434
"Image23","Cso2","Conv_7","Org_1","Cell_3",79.307,"Regular",4,NA,"OLs with bridges","Cso2.Conv_7.Org_1.Cell_3","Cso2.Conv_7.Org_1",7,528.434
"Image23","Cso2","Conv_7","Org_1","Cell_3",18.82,"Regular",5,NA,"OLs with bridges","Cso2.Conv_7.Org_1.Cell_3","Cso2.Conv_7.Org_1",7,528.434
"Image23","Cso2","Conv_7","Org_1","Cell_3",8.192,"Regular",6,NA,"OLs with bridges","Cso2.Conv_7.Org_1.Cell_3","Cso2.Conv_7.Org_1",7,528.434
"Image23","Cso2","Conv_7","Org_1","Cell_3",96.519,"Regular",7,NA,"OLs with bridges","Cso2.Conv_7.Org_1.Cell_3","Cso2.Conv_7.Org_1",7,528.434
"Image23","Cso2","Conv_7","Org_1","Cell_4",264.292,"Regular",1,NA,"OLs without bridges","Cso2.Conv_7.Org_1.Cell_4","Cso2.Conv_7.Org_1",8,1045.432
"Image23","Cso2","Conv_7","Org_1","Cell_4",76.308,"Regular",2,NA,"OLs without bridges","Cso2.Conv_7.Org_1.Cell_4","Cso2.Conv_7.Org_1",8,1045.432
"Image23","Cso2","Conv_7","Org_1","Cell_4",236.568,"Regular",3,NA,"OLs without bridges","Cso2.Conv_7.Org_1.Cell_4","Cso2.Conv_7.Org_1",8,1045.432
"Image23","Cso2","Conv_7","Org_1","Cell_4",118.559,"Regular",4,NA,"OLs without bridges","Cso2.Conv_7.Org_1.Cell_4","Cso2.Conv_7.Org_1",8,1045.432
"Image23","Cso2","Conv_7","Org_1","Cell_4",128.059,"Regular",5,NA,"OLs without bridges","Cso2.Conv_7.Org_1.Cell_4","Cso2.Conv_7.Org_1",8,1045.432
"Image23","Cso2","Conv_7","Org_1","Cell_4",112.097,"Regular",6,NA,"OLs without bridges","Cso2.Conv_7.Org_1.Cell_4","Cso2.Conv_7.Org_1",8,1045.432
"Image23","Cso2","Conv_7","Org_1","Cell_4",95.168,"Regular",7,NA,"OLs without bridges","Cso2.Conv_7.Org_1.Cell_4","Cso2.Conv_7.Org_1",8,1045.432
"Image23","Cso2","Conv_7","Org_1","Cell_4",14.381,"Regular",8,NA,"OLs without bridges","Cso2.Conv_7.Org_1.Cell_4","Cso2.Conv_7.Org_1",8,1045.432
"Image24","Cso2","Conv_7","Org_1","Cell_5",112.56,"Regular",1,NA,"OLs with bridges","Cso2.Conv_7.Org_1.Cell_5","Cso2.Conv_7.Org_1",19,1797.401
"Image24","Cso2","Conv_7","Org_1","Cell_5",127.938,"Regular",2,NA,"OLs with bridges","Cso2.Conv_7.Org_1.Cell_5","Cso2.Conv_7.Org_1",19,1797.401
"Image24","Cso2","Conv_7","Org_1","Cell_5",180.442,"Regular",3,NA,"OLs with bridges","Cso2.Conv_7.Org_1.Cell_5","Cso2.Conv_7.Org_1",19,1797.401
"Image24","Cso2","Conv_7","Org_1","Cell_5",209.545,"Regular",4,NA,"OLs with bridges","Cso2.Conv_7.Org_1.Cell_5","Cso2.Conv_7.Org_1",19,1797.401
"Image24","Cso2","Conv_7","Org_1","Cell_5",48.685,"Regular",5,NA,"OLs with bridges","Cso2.Conv_7.Org_1.Cell_5","Cso2.Conv_7.Org_1",19,1797.401
"Image24","Cso2","Conv_7","Org_1","Cell_5",105.257,"Regular",6,NA,"OLs with bridges","Cso2.Conv_7.Org_1.Cell_5","Cso2.Conv_7.Org_1",19,1797.401
"Image24","Cso2","Conv_7","Org_1","Cell_5",69.402,"Regular",7,NA,"OLs with bridges","Cso2.Conv_7.Org_1.Cell_5","Cso2.Conv_7.Org_1",19,1797.401
"Image24","Cso2","Conv_7","Org_1","Cell_5",52.345,"Regular",8,NA,"OLs with bridges","Cso2.Conv_7.Org_1.Cell_5","Cso2.Conv_7.Org_1",19,1797.401
"Image24","Cso2","Conv_7","Org_1","Cell_5",102.432,"Regular",9,NA,"OLs with bridges","Cso2.Conv_7.Org_1.Cell_5","Cso2.Conv_7.Org_1",19,1797.401
"Image24","Cso2","Conv_7","Org_1","Cell_5",207.277,"Regular",10,NA,"OLs with bridges","Cso2.Conv_7.Org_1.Cell_5","Cso2.Conv_7.Org_1",19,1797.401
"Image24","Cso2","Conv_7","Org_1","Cell_5",173.051,"Regular",11,NA,"OLs with bridges","Cso2.Conv_7.Org_1.Cell_5","Cso2.Conv_7.Org_1",19,1797.401
"Image24","Cso2","Conv_7","Org_1","Cell_5",80.503,"Regular",12,NA,"OLs with bridges","Cso2.Conv_7.Org_1.Cell_5","Cso2.Conv_7.Org_1",19,1797.401
"Image24","Cso2","Conv_7","Org_1","Cell_5",18.051,"Regular",13,NA,"OLs with bridges","Cso2.Conv_7.Org_1.Cell_5","Cso2.Conv_7.Org_1",19,1797.401
"Image24","Cso2","Conv_7","Org_1","Cell_5",36.174,"Regular",14,NA,"OLs with bridges","Cso2.Conv_7.Org_1.Cell_5","Cso2.Conv_7.Org_1",19,1797.401
"Image24","Cso2","Conv_7","Org_1","Cell_5",60.773,"Regular",15,NA,"OLs with bridges","Cso2.Conv_7.Org_1.Cell_5","Cso2.Conv_7.Org_1",19,1797.401
"Image24","Cso2","Conv_7","Org_1","Cell_5",59.843,"Regular",16,NA,"OLs with bridges","Cso2.Conv_7.Org_1.Cell_5","Cso2.Conv_7.Org_1",19,1797.401
"Image24","Cso2","Conv_7","Org_1","Cell_5",27.399,"Regular",17,NA,"OLs with bridges","Cso2.Conv_7.Org_1.Cell_5","Cso2.Conv_7.Org_1",19,1797.401
"Image24","Cso2","Conv_7","Org_1","Cell_5",62.296,"Regular",18,NA,"OLs with bridges","Cso2.Conv_7.Org_1.Cell_5","Cso2.Conv_7.Org_1",19,1797.401
"Image24","Cso2","Conv_7","Org_1","Cell_5",63.428,"Regular",19,1.536,"OLs with bridges","Cso2.Conv_7.Org_1.Cell_5","Cso2.Conv_7.Org_1",19,1797.401
"Image22","Cs25","Conv_8","Org_1","Cell_1",85.17,"Regular",1,NA,"OLs with bridges","Cs25.Conv_8.Org_1.Cell_1","Cs25.Conv_8.Org_1",13,812.515
"Image22","Cs25","Conv_8","Org_1","Cell_1",107.271,"Regular",2,NA,"OLs with bridges","Cs25.Conv_8.Org_1.Cell_1","Cs25.Conv_8.Org_1",13,812.515
"Image22","Cs25","Conv_8","Org_1","Cell_1",57.443,"Regular",3,NA,"OLs with bridges","Cs25.Conv_8.Org_1.Cell_1","Cs25.Conv_8.Org_1",13,812.515
"Image22","Cs25","Conv_8","Org_1","Cell_1",91.638,"Regular",4,NA,"OLs with bridges","Cs25.Conv_8.Org_1.Cell_1","Cs25.Conv_8.Org_1",13,812.515
"Image22","Cs25","Conv_8","Org_1","Cell_1",106.88,"Regular",5,NA,"OLs with bridges","Cs25.Conv_8.Org_1.Cell_1","Cs25.Conv_8.Org_1",13,812.515
"Image22","Cs25","Conv_8","Org_1","Cell_1",73.848,"Regular",6,NA,"OLs with bridges","Cs25.Conv_8.Org_1.Cell_1","Cs25.Conv_8.Org_1",13,812.515
"Image22","Cs25","Conv_8","Org_1","Cell_1",45.477,"Regular",7,NA,"OLs with bridges","Cs25.Conv_8.Org_1.Cell_1","Cs25.Conv_8.Org_1",13,812.515
"Image22","Cs25","Conv_8","Org_1","Cell_1",27.935,"Regular",8,NA,"OLs with bridges","Cs25.Conv_8.Org_1.Cell_1","Cs25.Conv_8.Org_1",13,812.515
"Image22","Cs25","Conv_8","Org_1","Cell_1",35.43,"Regular",9,NA,"OLs with bridges","Cs25.Conv_8.Org_1.Cell_1","Cs25.Conv_8.Org_1",13,812.515
"Image22","Cs25","Conv_8","Org_1","Cell_1",27.072,"Regular",10,NA,"OLs with bridges","Cs25.Conv_8.Org_1.Cell_1","Cs25.Conv_8.Org_1",13,812.515
"Image22","Cs25","Conv_8","Org_1","Cell_1",43.683,"Anchored",11,NA,"OLs with bridges","Cs25.Conv_8.Org_1.Cell_1","Cs25.Conv_8.Org_1",13,812.515
"Image22","Cs25","Conv_8","Org_1","Cell_1",79.807,"Bridged",12,9.327,"OLs with bridges","Cs25.Conv_8.Org_1.Cell_1","Cs25.Conv_8.Org_1",13,812.515
"Image22","Cs25","Conv_8","Org_1","Cell_1",30.861,"Regular",13,NA,"OLs with bridges","Cs25.Conv_8.Org_1.Cell_1","Cs25.Conv_8.Org_1",13,812.515
"Image11","Cs25","Conv_9","Org_1","Cell_1",106.268,"Anchored",1,NA,"OLs with bridges","Cs25.Conv_9.Org_1.Cell_1","Cs25.Conv_9.Org_1",16,1478.828
"Image11","Cs25","Conv_9","Org_1","Cell_1",58.588,"Bridged",2,3.282,"OLs with bridges","Cs25.Conv_9.Org_1.Cell_1","Cs25.Conv_9.Org_1",16,1478.828
"Image11","Cs25","Conv_9","Org_1","Cell_1",94.458,"Regular",3,NA,"OLs with bridges","Cs25.Conv_9.Org_1.Cell_1","Cs25.Conv_9.Org_1",16,1478.828
"Image11","Cs25","Conv_9","Org_1","Cell_1",136.771,"Regular",4,NA,"OLs with bridges","Cs25.Conv_9.Org_1.Cell_1","Cs25.Conv_9.Org_1",16,1478.828
"Image11","Cs25","Conv_9","Org_1","Cell_1",144.686,"Regular",5,NA,"OLs with bridges","Cs25.Conv_9.Org_1.Cell_1","Cs25.Conv_9.Org_1",16,1478.828
"Image11","Cs25","Conv_9","Org_1","Cell_1",76.564,"Regular",6,NA,"OLs with bridges","Cs25.Conv_9.Org_1.Cell_1","Cs25.Conv_9.Org_1",16,1478.828
"Image11","Cs25","Conv_9","Org_1","Cell_1",25.01,"Regular",7,NA,"OLs with bridges","Cs25.Conv_9.Org_1.Cell_1","Cs25.Conv_9.Org_1",16,1478.828
"Image11","Cs25","Conv_9","Org_1","Cell_1",60.031,"Regular",8,NA,"OLs with bridges","Cs25.Conv_9.Org_1.Cell_1","Cs25.Conv_9.Org_1",16,1478.828
"Image11","Cs25","Conv_9","Org_1","Cell_1",71.541,"Regular",9,NA,"OLs with bridges","Cs25.Conv_9.Org_1.Cell_1","Cs25.Conv_9.Org_1",16,1478.828
"Image11","Cs25","Conv_9","Org_1","Cell_1",112.411,"Regular",10,NA,"OLs with bridges","Cs25.Conv_9.Org_1.Cell_1","Cs25.Conv_9.Org_1",16,1478.828
"Image11","Cs25","Conv_9","Org_1","Cell_1",110.48,"Regular",11,NA,"OLs with bridges","Cs25.Conv_9.Org_1.Cell_1","Cs25.Conv_9.Org_1",16,1478.828
"Image11","Cs25","Conv_9","Org_1","Cell_1",119.132,"Regular",12,NA,"OLs with bridges","Cs25.Conv_9.Org_1.Cell_1","Cs25.Conv_9.Org_1",16,1478.828
"Image11","Cs25","Conv_9","Org_1","Cell_1",66.151,"Regular",13,NA,"OLs with bridges","Cs25.Conv_9.Org_1.Cell_1","Cs25.Conv_9.Org_1",16,1478.828
"Image11","Cs25","Conv_9","Org_1","Cell_1",143.417,"Regular",14,NA,"OLs with bridges","Cs25.Conv_9.Org_1.Cell_1","Cs25.Conv_9.Org_1",16,1478.828
"Image11","Cs25","Conv_9","Org_1","Cell_1",94.344,"Regular",15,NA,"OLs with bridges","Cs25.Conv_9.Org_1.Cell_1","Cs25.Conv_9.Org_1",16,1478.828
"Image11","Cs25","Conv_9","Org_1","Cell_1",58.976,"Regular",16,NA,"OLs with bridges","Cs25.Conv_9.Org_1.Cell_1","Cs25.Conv_9.Org_1",16,1478.828
"Image26","SHEF4","Conv_10","Org_1","Cell_1",38.547,"Regular",1,NA,"OLs with bridges","SHEF4.Conv_10.Org_1.Cell_1","SHEF4.Conv_10.Org_1",15,536.85
"Image26","SHEF4","Conv_10","Org_1","Cell_1",42.11,"Regular",2,NA,"OLs with bridges","SHEF4.Conv_10.Org_1.Cell_1","SHEF4.Conv_10.Org_1",15,536.85
"Image26","SHEF4","Conv_10","Org_1","Cell_1",39.821,"Regular",3,NA,"OLs with bridges","SHEF4.Conv_10.Org_1.Cell_1","SHEF4.Conv_10.Org_1",15,536.85
"Image26","SHEF4","Conv_10","Org_1","Cell_1",23.267,"Regular",4,NA,"OLs with bridges","SHEF4.Conv_10.Org_1.Cell_1","SHEF4.Conv_10.Org_1",15,536.85
"Image26","SHEF4","Conv_10","Org_1","Cell_1",36.588,"Regular",5,NA,"OLs with bridges","SHEF4.Conv_10.Org_1.Cell_1","SHEF4.Conv_10.Org_1",15,536.85
"Image26","SHEF4","Conv_10","Org_1","Cell_1",39.84,"Regular",6,NA,"OLs with bridges","SHEF4.Conv_10.Org_1.Cell_1","SHEF4.Conv_10.Org_1",15,536.85
"Image26","SHEF4","Conv_10","Org_1","Cell_1",43.727,"Regular",7,NA,"OLs with bridges","SHEF4.Conv_10.Org_1.Cell_1","SHEF4.Conv_10.Org_1",15,536.85
"Image26","SHEF4","Conv_10","Org_1","Cell_1",67.03,"Regular",8,NA,"OLs with bridges","SHEF4.Conv_10.Org_1.Cell_1","SHEF4.Conv_10.Org_1",15,536.85
"Image26","SHEF4","Conv_10","Org_1","Cell_1",32.676,"Anchored",9,NA,"OLs with bridges","SHEF4.Conv_10.Org_1.Cell_1","SHEF4.Conv_10.Org_1",15,536.85
"Image26","SHEF4","Conv_10","Org_1","Cell_1",20.338,"Bridged",10,11.599,"OLs with bridges","SHEF4.Conv_10.Org_1.Cell_1","SHEF4.Conv_10.Org_1",15,536.85
"Image26","SHEF4","Conv_10","Org_1","Cell_1",37.442,"Regular",11,NA,"OLs with bridges","SHEF4.Conv_10.Org_1.Cell_1","SHEF4.Conv_10.Org_1",15,536.85
"Image26","SHEF4","Conv_10","Org_1","Cell_1",71.07,"Regular",12,NA,"OLs with bridges","SHEF4.Conv_10.Org_1.Cell_1","SHEF4.Conv_10.Org_1",15,536.85
"Image26","SHEF4","Conv_10","Org_1","Cell_1",14.845,"Regular",13,NA,"OLs with bridges","SHEF4.Conv_10.Org_1.Cell_1","SHEF4.Conv_10.Org_1",15,536.85
"Image26","SHEF4","Conv_10","Org_1","Cell_1",12.649,"Regular",14,NA,"OLs with bridges","SHEF4.Conv_10.Org_1.Cell_1","SHEF4.Conv_10.Org_1",15,536.85
"Image26","SHEF4","Conv_10","Org_1","Cell_1",16.9,"Regular",15,NA,"OLs with bridges","SHEF4.Conv_10.Org_1.Cell_1","SHEF4.Conv_10.Org_1",15,536.85
"Image27","SHEF4","Conv_10","Org_1","Cell_3",159.033,"Anchored",1,NA,"OLs with bridges","SHEF4.Conv_10.Org_1.Cell_3","SHEF4.Conv_10.Org_1",11,932.311
"Image27","SHEF4","Conv_10","Org_1","Cell_3",52.566,"Bridged",2,1.954,"OLs with bridges","SHEF4.Conv_10.Org_1.Cell_3","SHEF4.Conv_10.Org_1",11,932.311
"Image27","SHEF4","Conv_10","Org_1","Cell_3",78.347,"Regular",3,NA,"OLs with bridges","SHEF4.Conv_10.Org_1.Cell_3","SHEF4.Conv_10.Org_1",11,932.311
"Image27","SHEF4","Conv_10","Org_1","Cell_3",97.694,"Regular",4,NA,"OLs with bridges","SHEF4.Conv_10.Org_1.Cell_3","SHEF4.Conv_10.Org_1",11,932.311
"Image27","SHEF4","Conv_10","Org_1","Cell_3",90.015,"Regular",5,NA,"OLs with bridges","SHEF4.Conv_10.Org_1.Cell_3","SHEF4.Conv_10.Org_1",11,932.311
"Image27","SHEF4","Conv_10","Org_1","Cell_3",47.791,"Regular",6,NA,"OLs with bridges","SHEF4.Conv_10.Org_1.Cell_3","SHEF4.Conv_10.Org_1",11,932.311
"Image27","SHEF4","Conv_10","Org_1","Cell_3",89.262,"Anchored",7,NA,"OLs with bridges","SHEF4.Conv_10.Org_1.Cell_3","SHEF4.Conv_10.Org_1",11,932.311
"Image27","SHEF4","Conv_10","Org_1","Cell_3",25.965,"Bridged",8,1.382,"OLs with bridges","SHEF4.Conv_10.Org_1.Cell_3","SHEF4.Conv_10.Org_1",11,932.311
"Image27","SHEF4","Conv_10","Org_1","Cell_3",96.86,"Bridged",9,4.613,"OLs with bridges","SHEF4.Conv_10.Org_1.Cell_3","SHEF4.Conv_10.Org_1",11,932.311
"Image27","SHEF4","Conv_10","Org_1","Cell_3",89.856,"Regular",9,NA,"OLs with bridges","SHEF4.Conv_10.Org_1.Cell_3","SHEF4.Conv_10.Org_1",11,932.311
"Image27","SHEF4","Conv_10","Org_1","Cell_3",104.922,"Regular",10,NA,"OLs with bridges","SHEF4.Conv_10.Org_1.Cell_3","SHEF4.Conv_10.Org_1",11,932.311
"Image27","SHEF4","Conv_10","Org_1","Cell_4",193,"Regular",1,NA,"OLs without bridges","SHEF4.Conv_10.Org_1.Cell_4","SHEF4.Conv_10.Org_1",5,526.552
"Image27","SHEF4","Conv_10","Org_1","Cell_4",32.749,"Regular",2,NA,"OLs without bridges","SHEF4.Conv_10.Org_1.Cell_4","SHEF4.Conv_10.Org_1",5,526.552
"Image27","SHEF4","Conv_10","Org_1","Cell_4",38.191,"Regular",3,NA,"OLs without bridges","SHEF4.Conv_10.Org_1.Cell_4","SHEF4.Conv_10.Org_1",5,526.552
"Image27","SHEF4","Conv_10","Org_1","Cell_4",157.307,"Regular",4,NA,"OLs without bridges","SHEF4.Conv_10.Org_1.Cell_4","SHEF4.Conv_10.Org_1",5,526.552
"Image27","SHEF4","Conv_10","Org_1","Cell_4",105.305,"Regular",5,NA,"OLs without bridges","SHEF4.Conv_10.Org_1.Cell_4","SHEF4.Conv_10.Org_1",5,526.552
"Image16","SHEF4","Conv_10","Org_1","Cell_2",61.657,"Regular",1,NA,"OLs without bridges","SHEF4.Conv_10.Org_1.Cell_2","SHEF4.Conv_10.Org_1",10,683.174
"Image16","SHEF4","Conv_10","Org_1","Cell_2",121.387,"Regular",2,NA,"OLs without bridges","SHEF4.Conv_10.Org_1.Cell_2","SHEF4.Conv_10.Org_1",10,683.174
"Image16","SHEF4","Conv_10","Org_1","Cell_2",44.64,"Regular",3,NA,"OLs without bridges","SHEF4.Conv_10.Org_1.Cell_2","SHEF4.Conv_10.Org_1",10,683.174
"Image16","SHEF4","Conv_10","Org_1","Cell_2",124.124,"Regular",4,NA,"OLs without bridges","SHEF4.Conv_10.Org_1.Cell_2","SHEF4.Conv_10.Org_1",10,683.174
"Image16","SHEF4","Conv_10","Org_1","Cell_2",39.857,"Regular",5,NA,"OLs without bridges","SHEF4.Conv_10.Org_1.Cell_2","SHEF4.Conv_10.Org_1",10,683.174
"Image16","SHEF4","Conv_10","Org_1","Cell_2",67.542,"Regular",6,NA,"OLs without bridges","SHEF4.Conv_10.Org_1.Cell_2","SHEF4.Conv_10.Org_1",10,683.174
"Image16","SHEF4","Conv_10","Org_1","Cell_2",61.055,"Regular",7,NA,"OLs without bridges","SHEF4.Conv_10.Org_1.Cell_2","SHEF4.Conv_10.Org_1",10,683.174
"Image16","SHEF4","Conv_10","Org_1","Cell_2",80.363,"Regular",8,NA,"OLs without bridges","SHEF4.Conv_10.Org_1.Cell_2","SHEF4.Conv_10.Org_1",10,683.174
"Image16","SHEF4","Conv_10","Org_1","Cell_2",55.876,"Regular",9,NA,"OLs without bridges","SHEF4.Conv_10.Org_1.Cell_2","SHEF4.Conv_10.Org_1",10,683.174
"Image16","SHEF4","Conv_10","Org_1","Cell_2",26.673,"Regular",10,NA,"OLs without bridges","SHEF4.Conv_10.Org_1.Cell_2","SHEF4.Conv_10.Org_1",10,683.174
"Image17","SHEF4","Conv_10","Org_2","Cell_1",185.114,"Regular",1,NA,"OLs without bridges","SHEF4.Conv_10.Org_2.Cell_1","SHEF4.Conv_10.Org_2",4,396.596
"Image17","SHEF4","Conv_10","Org_2","Cell_1",62.324,"Regular",2,NA,"OLs without bridges","SHEF4.Conv_10.Org_2.Cell_1","SHEF4.Conv_10.Org_2",4,396.596
"Image17","SHEF4","Conv_10","Org_2","Cell_1",125.165,"Regular",3,NA,"OLs without bridges","SHEF4.Conv_10.Org_2.Cell_1","SHEF4.Conv_10.Org_2",4,396.596
"Image17","SHEF4","Conv_10","Org_2","Cell_1",23.993,"Regular",4,NA,"OLs without bridges","SHEF4.Conv_10.Org_2.Cell_1","SHEF4.Conv_10.Org_2",4,396.596
"Image17","SHEF4","Conv_10","Org_2","Cell_2",179.803,"Regular",1,NA,"OLs without bridges","SHEF4.Conv_10.Org_2.Cell_2","SHEF4.Conv_10.Org_2",5,448.642
"Image17","SHEF4","Conv_10","Org_2","Cell_2",111.263,"Regular",2,NA,"OLs without bridges","SHEF4.Conv_10.Org_2.Cell_2","SHEF4.Conv_10.Org_2",5,448.642
"Image17","SHEF4","Conv_10","Org_2","Cell_2",102.603,"Regular",3,NA,"OLs without bridges","SHEF4.Conv_10.Org_2.Cell_2","SHEF4.Conv_10.Org_2",5,448.642
"Image17","SHEF4","Conv_10","Org_2","Cell_2",46.052,"Regular",4,NA,"OLs without bridges","SHEF4.Conv_10.Org_2.Cell_2","SHEF4.Conv_10.Org_2",5,448.642
"Image17","SHEF4","Conv_10","Org_2","Cell_2",8.921,"Regular",5,NA,"OLs without bridges","SHEF4.Conv_10.Org_2.Cell_2","SHEF4.Conv_10.Org_2",5,448.642
"Image17","SHEF4","Conv_10","Org_2","Cell_3",125.078,"Regular",1,NA,"OLs without bridges","SHEF4.Conv_10.Org_2.Cell_3","SHEF4.Conv_10.Org_2",4,402.443
"Image17","SHEF4","Conv_10","Org_2","Cell_3",139.079,"Regular",2,NA,"OLs without bridges","SHEF4.Conv_10.Org_2.Cell_3","SHEF4.Conv_10.Org_2",4,402.443
"Image17","SHEF4","Conv_10","Org_2","Cell_3",43.41,"Regular",3,NA,"OLs without bridges","SHEF4.Conv_10.Org_2.Cell_3","SHEF4.Conv_10.Org_2",4,402.443
"Image17","SHEF4","Conv_10","Org_2","Cell_3",94.876,"Regular",4,NA,"OLs without bridges","SHEF4.Conv_10.Org_2.Cell_3","SHEF4.Conv_10.Org_2",4,402.443
"Image17","SHEF4","Conv_10","Org_2","Cell_4",114.005,"Regular",1,NA,"OLs without bridges","SHEF4.Conv_10.Org_2.Cell_4","SHEF4.Conv_10.Org_2",4,548.521
"Image17","SHEF4","Conv_10","Org_2","Cell_4",163.773,"Regular",2,NA,"OLs without bridges","SHEF4.Conv_10.Org_2.Cell_4","SHEF4.Conv_10.Org_2",4,548.521
"Image17","SHEF4","Conv_10","Org_2","Cell_4",115.899,"Regular",3,NA,"OLs without bridges","SHEF4.Conv_10.Org_2.Cell_4","SHEF4.Conv_10.Org_2",4,548.521
"Image17","SHEF4","Conv_10","Org_2","Cell_4",154.844,"Regular",4,NA,"OLs without bridges","SHEF4.Conv_10.Org_2.Cell_4","SHEF4.Conv_10.Org_2",4,548.521
"Image12","Cs25","Conv_11","Org_1","Cell_1",162.732,"Regular",1,NA,"OLs with bridges","Cs25.Conv_11.Org_1.Cell_1","Cs25.Conv_11.Org_1",10,1136.733
"Image12","Cs25","Conv_11","Org_1","Cell_1",139.744,"Regular",2,NA,"OLs with bridges","Cs25.Conv_11.Org_1.Cell_1","Cs25.Conv_11.Org_1",10,1136.733
"Image12","Cs25","Conv_11","Org_1","Cell_1",200.5,"Regular",3,NA,"OLs with bridges","Cs25.Conv_11.Org_1.Cell_1","Cs25.Conv_11.Org_1",10,1136.733
"Image12","Cs25","Conv_11","Org_1","Cell_1",123.391,"Regular",4,NA,"OLs with bridges","Cs25.Conv_11.Org_1.Cell_1","Cs25.Conv_11.Org_1",10,1136.733
"Image12","Cs25","Conv_11","Org_1","Cell_1",46.218,"Regular",5,NA,"OLs with bridges","Cs25.Conv_11.Org_1.Cell_1","Cs25.Conv_11.Org_1",10,1136.733
"Image12","Cs25","Conv_11","Org_1","Cell_1",62.74,"Regular",6,NA,"OLs with bridges","Cs25.Conv_11.Org_1.Cell_1","Cs25.Conv_11.Org_1",10,1136.733
"Image12","Cs25","Conv_11","Org_1","Cell_1",91.299,"Regular",7,NA,"OLs with bridges","Cs25.Conv_11.Org_1.Cell_1","Cs25.Conv_11.Org_1",10,1136.733
"Image12","Cs25","Conv_11","Org_1","Cell_1",197.719,"Regular",8,NA,"OLs with bridges","Cs25.Conv_11.Org_1.Cell_1","Cs25.Conv_11.Org_1",10,1136.733
"Image12","Cs25","Conv_11","Org_1","Cell_1",49.446,"Anchored",9,NA,"OLs with bridges","Cs25.Conv_11.Org_1.Cell_1","Cs25.Conv_11.Org_1",10,1136.733
"Image12","Cs25","Conv_11","Org_1","Cell_1",62.944,"Bridged",10,51.039,"OLs with bridges","Cs25.Conv_11.Org_1.Cell_1","Cs25.Conv_11.Org_1",10,1136.733
"Image12","Cs25","Conv_11","Org_1","Cell_2",170.383,"Regular",1,NA,"OLs without bridges","Cs25.Conv_11.Org_1.Cell_2","Cs25.Conv_11.Org_1",5,600.415
"Image12","Cs25","Conv_11","Org_1","Cell_2",157.022,"Regular",2,NA,"OLs without bridges","Cs25.Conv_11.Org_1.Cell_2","Cs25.Conv_11.Org_1",5,600.415
"Image12","Cs25","Conv_11","Org_1","Cell_2",117.896,"Regular",3,NA,"OLs without bridges","Cs25.Conv_11.Org_1.Cell_2","Cs25.Conv_11.Org_1",5,600.415
"Image12","Cs25","Conv_11","Org_1","Cell_2",79.291,"Regular",4,NA,"OLs without bridges","Cs25.Conv_11.Org_1.Cell_2","Cs25.Conv_11.Org_1",5,600.415
"Image12","Cs25","Conv_11","Org_1","Cell_2",75.823,"Regular",5,NA,"OLs without bridges","Cs25.Conv_11.Org_1.Cell_2","Cs25.Conv_11.Org_1",5,600.415
"Image12","Cs25","Conv_11","Org_1","Cell_3",51.144,"Regular",1,NA,"OLs without bridges","Cs25.Conv_11.Org_1.Cell_3","Cs25.Conv_11.Org_1",9,949.566
"Image12","Cs25","Conv_11","Org_1","Cell_3",68.887,"Regular",2,NA,"OLs without bridges","Cs25.Conv_11.Org_1.Cell_3","Cs25.Conv_11.Org_1",9,949.566
"Image12","Cs25","Conv_11","Org_1","Cell_3",148.477,"Regular",3,NA,"OLs without bridges","Cs25.Conv_11.Org_1.Cell_3","Cs25.Conv_11.Org_1",9,949.566
"Image12","Cs25","Conv_11","Org_1","Cell_3",112.821,"Regular",4,NA,"OLs without bridges","Cs25.Conv_11.Org_1.Cell_3","Cs25.Conv_11.Org_1",9,949.566
"Image12","Cs25","Conv_11","Org_1","Cell_3",141.64,"Regular",5,NA,"OLs without bridges","Cs25.Conv_11.Org_1.Cell_3","Cs25.Conv_11.Org_1",9,949.566
"Image12","Cs25","Conv_11","Org_1","Cell_3",62.824,"Regular",6,NA,"OLs without bridges","Cs25.Conv_11.Org_1.Cell_3","Cs25.Conv_11.Org_1",9,949.566
"Image12","Cs25","Conv_11","Org_1","Cell_3",148.317,"Regular",7,NA,"OLs without bridges","Cs25.Conv_11.Org_1.Cell_3","Cs25.Conv_11.Org_1",9,949.566
"Image12","Cs25","Conv_11","Org_1","Cell_3",160.023,"Regular",8,NA,"OLs without bridges","Cs25.Conv_11.Org_1.Cell_3","Cs25.Conv_11.Org_1",9,949.566
"Image12","Cs25","Conv_11","Org_1","Cell_3",55.433,"Regular",9,NA,"OLs without bridges","Cs25.Conv_11.Org_1.Cell_3","Cs25.Conv_11.Org_1",9,949.566
"Image25","Cso2","Conv_2","Org_1","Cell_1",62.556,"Regular",1,NA,"OLs with bridges","Cso2.Conv_2.Org_1.Cell_1","Cso2.Conv_2.Org_1",11,863.041
"Image25","Cso2","Conv_2","Org_1","Cell_1",65.933,"Regular",2,NA,"OLs with bridges","Cso2.Conv_2.Org_1.Cell_1","Cso2.Conv_2.Org_1",11,863.041
"Image25","Cso2","Conv_2","Org_1","Cell_1",142.699,"Regular",3,NA,"OLs with bridges","Cso2.Conv_2.Org_1.Cell_1","Cso2.Conv_2.Org_1",11,863.041
"Image25","Cso2","Conv_2","Org_1","Cell_1",68.544,"Regular",4,NA,"OLs with bridges","Cso2.Conv_2.Org_1.Cell_1","Cso2.Conv_2.Org_1",11,863.041
"Image25","Cso2","Conv_2","Org_1","Cell_1",26.202,"Regular",5,NA,"OLs with bridges","Cso2.Conv_2.Org_1.Cell_1","Cso2.Conv_2.Org_1",11,863.041
"Image25","Cso2","Conv_2","Org_1","Cell_1",4.455,"Regular",6,NA,"OLs with bridges","Cso2.Conv_2.Org_1.Cell_1","Cso2.Conv_2.Org_1",11,863.041
"Image25","Cso2","Conv_2","Org_1","Cell_1",100.548,"Regular",7,NA,"OLs with bridges","Cso2.Conv_2.Org_1.Cell_1","Cso2.Conv_2.Org_1",11,863.041
"Image25","Cso2","Conv_2","Org_1","Cell_1",17.952,"Anchored",8,NA,"OLs with bridges","Cso2.Conv_2.Org_1.Cell_1","Cso2.Conv_2.Org_1",11,863.041
"Image25","Cso2","Conv_2","Org_1","Cell_1",97.38,"Bridged",9,18.903,"OLs with bridges","Cso2.Conv_2.Org_1.Cell_1","Cso2.Conv_2.Org_1",11,863.041
"Image25","Cso2","Conv_2","Org_1","Cell_1",175.159,"Regular",10,NA,"OLs with bridges","Cso2.Conv_2.Org_1.Cell_1","Cso2.Conv_2.Org_1",11,863.041
"Image25","Cso2","Conv_2","Org_1","Cell_1",101.613,"Regular",11,NA,"OLs with bridges","Cso2.Conv_2.Org_1.Cell_1","Cso2.Conv_2.Org_1",11,863.041
"Image25","Cso2","Conv_2","Org_1","Cell_2",56.109,"Regular",1,NA,"OLs without bridges","Cso2.Conv_2.Org_1.Cell_2","Cso2.Conv_2.Org_1",15,726.895
"Image25","Cso2","Conv_2","Org_1","Cell_2",57.309,"Regular",2,NA,"OLs without bridges","Cso2.Conv_2.Org_1.Cell_2","Cso2.Conv_2.Org_1",15,726.895
"Image25","Cso2","Conv_2","Org_1","Cell_2",93.286,"Regular",3,NA,"OLs without bridges","Cso2.Conv_2.Org_1.Cell_2","Cso2.Conv_2.Org_1",15,726.895
"Image25","Cso2","Conv_2","Org_1","Cell_2",68.505,"Regular",4,NA,"OLs without bridges","Cso2.Conv_2.Org_1.Cell_2","Cso2.Conv_2.Org_1",15,726.895
"Image25","Cso2","Conv_2","Org_1","Cell_2",39.089,"Regular",5,NA,"OLs without bridges","Cso2.Conv_2.Org_1.Cell_2","Cso2.Conv_2.Org_1",15,726.895
"Image25","Cso2","Conv_2","Org_1","Cell_2",49.262,"Regular",6,NA,"OLs without bridges","Cso2.Conv_2.Org_1.Cell_2","Cso2.Conv_2.Org_1",15,726.895
"Image25","Cso2","Conv_2","Org_1","Cell_2",17.511,"Regular",7,NA,"OLs without bridges","Cso2.Conv_2.Org_1.Cell_2","Cso2.Conv_2.Org_1",15,726.895
"Image25","Cso2","Conv_2","Org_1","Cell_2",21.275,"Regular",8,NA,"OLs without bridges","Cso2.Conv_2.Org_1.Cell_2","Cso2.Conv_2.Org_1",15,726.895
"Image25","Cso2","Conv_2","Org_1","Cell_2",20.843,"Regular",9,NA,"OLs without bridges","Cso2.Conv_2.Org_1.Cell_2","Cso2.Conv_2.Org_1",15,726.895
"Image25","Cso2","Conv_2","Org_1","Cell_2",84.714,"Regular",10,NA,"OLs without bridges","Cso2.Conv_2.Org_1.Cell_2","Cso2.Conv_2.Org_1",15,726.895
"Image25","Cso2","Conv_2","Org_1","Cell_2",57.918,"Regular",11,NA,"OLs without bridges","Cso2.Conv_2.Org_1.Cell_2","Cso2.Conv_2.Org_1",15,726.895
"Image25","Cso2","Conv_2","Org_1","Cell_2",55.405,"Regular",12,NA,"OLs without bridges","Cso2.Conv_2.Org_1.Cell_2","Cso2.Conv_2.Org_1",15,726.895
"Image25","Cso2","Conv_2","Org_1","Cell_2",43.053,"Regular",13,NA,"OLs without bridges","Cso2.Conv_2.Org_1.Cell_2","Cso2.Conv_2.Org_1",15,726.895
"Image25","Cso2","Conv_2","Org_1","Cell_2",46.389,"Regular",14,NA,"OLs without bridges","Cso2.Conv_2.Org_1.Cell_2","Cso2.Conv_2.Org_1",15,726.895
"Image25","Cso2","Conv_2","Org_1","Cell_2",16.227,"Regular",15,NA,"OLs without bridges","Cso2.Conv_2.Org_1.Cell_2","Cso2.Conv_2.Org_1",15,726.895
"Image25","Cso2","Conv_2","Org_1","Cell_3",154.831,"Regular",1,NA,"OLs without bridges","Cso2.Conv_2.Org_1.Cell_3","Cso2.Conv_2.Org_1",8,627.214
"Image25","Cso2","Conv_2","Org_1","Cell_3",36.844,"Regular",2,NA,"OLs without bridges","Cso2.Conv_2.Org_1.Cell_3","Cso2.Conv_2.Org_1",8,627.214
"Image25","Cso2","Conv_2","Org_1","Cell_3",100.303,"Regular",3,NA,"OLs without bridges","Cso2.Conv_2.Org_1.Cell_3","Cso2.Conv_2.Org_1",8,627.214
"Image25","Cso2","Conv_2","Org_1","Cell_3",41.004,"Regular",4,NA,"OLs without bridges","Cso2.Conv_2.Org_1.Cell_3","Cso2.Conv_2.Org_1",8,627.214
"Image25","Cso2","Conv_2","Org_1","Cell_3",72.331,"Regular",5,NA,"OLs without bridges","Cso2.Conv_2.Org_1.Cell_3","Cso2.Conv_2.Org_1",8,627.214
"Image25","Cso2","Conv_2","Org_1","Cell_3",68.294,"Regular",6,NA,"OLs without bridges","Cso2.Conv_2.Org_1.Cell_3","Cso2.Conv_2.Org_1",8,627.214
"Image25","Cso2","Conv_2","Org_1","Cell_3",71.412,"Regular",7,NA,"OLs without bridges","Cso2.Conv_2.Org_1.Cell_3","Cso2.Conv_2.Org_1",8,627.214
"Image25","Cso2","Conv_2","Org_1","Cell_3",82.195,"Regular",8,NA,"OLs without bridges","Cso2.Conv_2.Org_1.Cell_3","Cso2.Conv_2.Org_1",8,627.214
"Image25","Cso2","Conv_2","Org_1","Cell_4",93.939,"Regular",1,NA,"OLs without bridges","Cso2.Conv_2.Org_1.Cell_4","Cso2.Conv_2.Org_1",5,600.544
"Image25","Cso2","Conv_2","Org_1","Cell_4",143.301,"Regular",2,NA,"OLs without bridges","Cso2.Conv_2.Org_1.Cell_4","Cso2.Conv_2.Org_1",5,600.544
"Image25","Cso2","Conv_2","Org_1","Cell_4",99.366,"Regular",3,NA,"OLs without bridges","Cso2.Conv_2.Org_1.Cell_4","Cso2.Conv_2.Org_1",5,600.544
"Image25","Cso2","Conv_2","Org_1","Cell_4",162.974,"Regular",4,NA,"OLs without bridges","Cso2.Conv_2.Org_1.Cell_4","Cso2.Conv_2.Org_1",5,600.544
"Image25","Cso2","Conv_2","Org_1","Cell_4",100.964,"Regular",5,NA,"OLs without bridges","Cso2.Conv_2.Org_1.Cell_4","Cso2.Conv_2.Org_1",5,600.544
